lane,t_sim,t_wall,x,y,speed,stop_flag
outer,8.5,0.0028,-1.12009,-0.64577,0.0,0
outer,8.65,0.0122,-1.12009,-0.64577,0.0,0
outer,8.8,0.0208,-1.12009,-0.64577,1e-05,0
outer,8.95,0.0302,-1.12009,-0.64577,1e-05,0
outer,9.05,0.038,-1.12009,-0.64577,0.0,0
outer,9.15,0.0452,-1.12009,-0.64577,1e-05,0
outer,9.25,0.0522,-1.12009,-0.64577,0.0,0
outer,9.35,0.0614,-1.12009,-0.64577,1e-05,0
outer,9.5,0.0698,-1.12009,-0.64577,1e-05,0
outer,9.65,0.0788,-1.12009,-0.64577,0.0,0
outer,9.75,0.0865,-1.12009,-0.64577,1e-05,0
outer,9.85,0.0936,-1.12009,-0.64577,1e-05,0
outer,10.0,0.1033,-1.12009,-0.64577,1e-05,0
outer,10.1,0.1106,-1.12009,-0.64577,1e-05,0
outer,10.2,0.1173,-1.12009,-0.64577,0.0,0
outer,10.25,0.1255,-1.12009,-0.64577,0.0,0
outer,10.35,0.1324,-1.12009,-0.64577,1e-05,0
outer,10.45,0.1418,-1.12009,-0.64577,0.0,0
outer,10.55,0.1492,-1.12009,-0.64577,0.0,0
outer,10.65,0.1585,-1.12009,-0.64577,1e-05,0
outer,10.8,0.1671,-1.12009,-0.64577,0.0,0
outer,10.9,0.1766,-1.12009,-0.64577,1e-05,0
outer,11.05,0.1846,-1.12009,-0.64577,1e-05,0
outer,11.15,0.194,-1.12009,-0.64577,1e-05,0
outer,11.25,0.2013,-1.12009,-0.64577,1e-05,0
outer,11.3,0.2099,-1.12009,-0.64577,0.0,0
outer,11.4,0.2172,-1.12009,-0.64577,0.0,0
outer,11.45,0.2258,-1.12009,-0.64577,1e-05,0
outer,11.55,0.2333,-1.12009,-0.64577,1e-05,0
outer,11.65,0.241,-1.12009,-0.64577,1e-05,0
outer,11.75,0.2481,-1.12009,-0.64577,0.0,0
outer,11.85,0.2579,-1.12009,-0.64577,2e-05,0
outer,11.95,0.2653,-1.12009,-0.64577,1e-05,0
outer,12.05,0.2755,-1.12009,-0.64577,0.0,0
outer,12.2,0.2846,-1.12009,-0.64577,0.0,0
outer,12.25,0.2931,-1.12009,-0.64577,1e-05,0
outer,12.4,0.3013,-1.12009,-0.64577,0.0,0
outer,12.45,0.3102,-1.12009,-0.64577,0.0,0
outer,12.6,0.3191,-1.12009,-0.64577,0.0,0
outer,12.7,0.3264,-1.12009,-0.64577,0.0,0
outer,12.85,0.3356,-1.12009,-0.64577,0.0,0
outer,12.9,0.3416,-1.12009,-0.64577,1e-05,0
outer,13.05,0.3505,-1.12009,-0.64577,1e-05,0
outer,13.15,0.3589,-1.12009,-0.64577,1e-05,0
outer,13.3,0.3673,-1.12009,-0.64577,0.0,0
outer,13.35,0.3755,-1.12009,-0.64577,0.0,0
outer,13.5,0.3842,-1.12009,-0.64576,0.0,0
outer,13.55,0.3922,-1.12009,-0.64576,0.0,0
outer,13.65,0.399,-1.12009,-0.64576,1e-05,0
outer,13.75,0.4076,-1.12009,-0.64576,0.0,0
outer,13.9,0.4152,-1.12009,-0.64576,0.0,0
outer,14.0,0.4249,-1.12009,-0.64576,1e-05,0
outer,14.1,0.4323,-1.12009,-0.64576,1e-05,0
outer,14.2,0.4406,-1.12009,-0.64576,1e-05,0
outer,14.35,0.4495,-1.12009,-0.64576,0.0,0
outer,14.45,0.458,-1.12009,-0.64576,0.0,0
outer,14.6,0.4676,-1.12009,-0.64576,1e-05,0
outer,14.65,0.4759,-1.12009,-0.64576,0.0,0
outer,14.75,0.4832,-1.12009,-0.64576,0.0,0
outer,14.85,0.4908,-1.12009,-0.64576,0.0,0
outer,14.95,0.498,-1.12009,-0.64576,0.0,0
outer,15.05,0.5084,-1.12009,-0.64576,1e-05,0
outer,15.2,0.5172,-1.12009,-0.64576,1e-05,0
outer,15.25,0.5257,-1.12009,-0.64576,0.0,0
outer,15.4,0.5348,-1.12009,-0.64576,0.0,0
outer,15.45,0.5421,-1.12009,-0.64576,1e-05,0
outer,15.6,0.5504,-1.12009,-0.64576,1e-05,0
outer,15.65,0.5582,-1.12009,-0.64576,0.0,0
outer,15.8,0.5677,-1.12009,-0.64576,1e-05,0
outer,15.85,0.5757,-1.12009,-0.64576,0.0,0
outer,15.95,0.5823,-1.12009,-0.64576,1e-05,0
outer,16.05,0.5909,-1.12009,-0.64576,1e-05,0
outer,16.15,0.5984,-1.12009,-0.64576,1e-05,0
outer,16.25,0.608,-1.12009,-0.64576,1e-05,0
outer,16.35,0.6441,-1.12009,-0.64576,1e-05,0
outer,16.35,0.6451,-1.12009,-0.64576,1e-05,0
outer,16.4,0.6529,-1.12009,-0.64576,1e-05,0
outer,16.5,0.6615,-1.12009,-0.64576,1e-05,0
outer,16.65,0.6704,-1.12009,-0.64576,0.0,0
outer,16.8,0.6798,-1.12009,-0.64576,1e-05,0
outer,16.9,0.6914,-1.12009,-0.64576,1e-05,0
outer,17.0,0.704,-1.11993,-0.64574,0.00316,0
outer,17.15,0.7184,-1.12022,-0.64348,0.01013,0
outer,17.2,0.7296,-1.1203,-0.64301,0.00953,0
outer,17.25,0.7367,-1.12038,-0.64267,0.00692,0
outer,17.3,0.744,-1.12053,-0.64229,0.0081,0
outer,17.35,0.7542,-1.12086,-0.64206,0.00814,0
outer,17.45,0.7665,-1.121,-0.64174,0.00421,0
outer,17.5,0.7744,-1.12115,-0.64137,0.00809,0
outer,17.55,0.7816,-1.12128,-0.6409,0.00968,0
outer,17.6,0.793,-1.12144,-0.6404,0.01049,0
outer,17.7,0.8055,-1.12191,-0.63903,0.01562,0
outer,17.8,0.8179,-1.12243,-0.63736,0.01859,0
outer,17.85,0.828,-1.1227,-0.63648,0.01831,0
outer,17.95,0.835,-1.12322,-0.63493,0.01566,0
outer,18.0,0.8436,-1.12352,-0.6341,0.01767,0
outer,18.05,0.8524,-1.12385,-0.63318,0.01948,0
outer,18.1,0.863,-1.12419,-0.63219,0.02086,0
outer,18.2,0.8768,-1.12487,-0.6301,0.02172,0
outer,18.3,0.8929,-1.1255,-0.62798,0.02251,0
outer,18.45,0.9127,-1.12646,-0.62449,0.02475,0
outer,18.5,0.9214,-1.12682,-0.62325,0.02589,0
outer,18.55,0.9312,-1.12725,-0.62195,0.02729,0
outer,18.6,0.9442,-1.12766,-0.62062,0.02782,0
outer,18.7,0.9591,-1.12826,-0.61788,0.02814,0
outer,18.75,0.9693,-1.12852,-0.61642,0.02956,0
outer,18.8,0.98,-1.12877,-0.61488,0.03125,0
outer,18.9,0.993,-1.12928,-0.61164,0.03337,0
outer,19.0,1.0102,-1.12976,-0.60822,0.03444,0
outer,19.05,1.0208,-1.13003,-0.60648,0.03512,0
outer,19.15,1.0337,-1.13053,-0.60304,0.03501,0
outer,19.2,1.0409,-1.13074,-0.6012,0.03695,0
outer,19.25,1.048,-1.13096,-0.59932,0.03786,0
outer,19.3,1.0593,-1.1312,-0.59747,0.03726,0
outer,19.4,1.0717,-1.13159,-0.59381,0.03685,0
outer,19.5,1.0838,-1.13196,-0.59013,0.03716,0
outer,19.55,1.0979,-1.13204,-0.58833,0.03519,0
outer,19.7,1.1118,-1.13235,-0.58296,0.03639,0
outer,19.8,1.1302,-1.13258,-0.57933,0.03651,0
outer,19.9,1.1404,-1.1328,-0.57573,0.03614,0
outer,19.95,1.1488,-1.13291,-0.57396,0.03554,0
outer,20.05,1.1617,-1.13313,-0.57039,0.03566,0
outer,20.15,1.1763,-1.13336,-0.56686,0.0354,0
outer,20.3,1.1915,-1.13372,-0.5616,0.03445,0
outer,20.35,1.2019,-1.13379,-0.55988,0.03449,0
outer,20.4,1.2121,-1.13381,-0.55812,0.03516,0
outer,20.45,1.2266,-1.13384,-0.55633,0.03579,0
outer,20.55,1.2424,-1.13397,-0.55265,0.03705,0
outer,20.65,1.2583,-1.13414,-0.54877,0.03869,0
outer,20.8,1.2723,-1.13438,-0.54297,0.03889,0
outer,20.9,1.2808,-1.13454,-0.53906,0.03895,0
outer,20.95,1.2892,-1.13462,-0.53713,0.03872,0
outer,21.05,1.3017,-1.13475,-0.53336,0.03752,0
outer,21.15,1.315,-1.13486,-0.52968,0.03656,0
outer,21.25,1.3279,-1.13495,-0.52605,0.03629,0
outer,21.35,1.3432,-1.13504,-0.52242,0.03663,0
outer,21.4,1.3537,-1.13512,-0.52059,0.03672,0
outer,21.5,1.3666,-1.1353,-0.51683,0.03755,0
outer,21.6,1.3809,-1.13549,-0.51306,0.03759,0
outer,21.7,1.3936,-1.13568,-0.50937,0.03697,0
outer,21.8,1.4094,-1.13586,-0.50569,0.03674,0
outer,21.9,1.422,-1.13601,-0.50208,0.03618,0
outer,22.0,1.4348,-1.13617,-0.49856,0.03504,0
outer,22.1,1.4478,-1.13624,-0.49506,0.03544,0
outer,22.2,1.4599,-1.13636,-0.49143,0.03686,0
outer,22.35,1.4785,-1.13653,-0.4856,0.03917,0
outer,22.4,1.4921,-1.1366,-0.48365,0.0395,0
outer,22.55,1.5002,-1.13678,-0.47774,0.03939,0
outer,22.6,1.5082,-1.13685,-0.47577,0.03948,0
outer,22.65,1.5241,-1.13695,-0.4719,0.03804,0
outer,22.8,1.5364,-1.13705,-0.46814,0.03768,0
outer,22.9,1.5497,-1.13715,-0.46444,0.03678,0
outer,22.95,1.5574,-1.1372,-0.46259,0.03698,0
outer,23.0,1.5657,-1.13717,-0.46074,0.03691,0
outer,23.1,1.5799,-1.13708,-0.45698,0.03787,0
outer,23.2,1.6147,-1.13716,-0.45325,0.03771,0
outer,23.2,1.6475,-1.13716,-0.45325,0.03791,0
outer,23.25,1.6486,-1.13722,-0.45135,0.03791,0
outer,23.3,1.6738,-1.13729,-0.44947,0.03764,0
outer,23.35,1.6814,-1.13736,-0.44758,0.03789,0
outer,23.4,1.6945,-1.13743,-0.44565,0.0386,0
outer,23.45,1.7021,-1.1375,-0.44374,0.0382,0
outer,23.5,1.7136,-1.13753,-0.44186,0.03757,0
outer,23.55,1.7239,-1.13757,-0.44,0.03718,0
outer,23.6,1.735,-1.13763,-0.43815,0.03704,0
outer,23.65,1.744,-1.13768,-0.43634,0.03618,0
outer,23.7,1.7553,-1.13768,-0.43448,0.03732,0
outer,23.8,1.7675,-1.13775,-0.4307,0.03816,0
outer,23.85,1.7784,-1.1378,-0.42874,0.03926,0
outer,23.9,1.7869,-1.13787,-0.42676,0.03959,0
outer,23.95,1.7983,-1.13794,-0.42479,0.03943,0
outer,24.0,1.8071,-1.138,-0.42278,0.04012,0
outer,24.05,1.8177,-1.13807,-0.42077,0.04036,0
outer,24.1,1.8269,-1.13814,-0.41877,0.04004,0
outer,24.15,1.8379,-1.13821,-0.41675,0.04038,0
outer,24.2,1.8458,-1.13826,-0.41474,0.04009,0
outer,24.25,1.8597,-1.13832,-0.41278,0.03923,0
outer,24.35,1.8778,-1.1384,-0.40889,0.03855,0
outer,24.4,1.8861,-1.13842,-0.40699,0.038,0
outer,24.45,1.8968,-1.1385,-0.40508,0.03834,0
outer,24.5,1.9043,-1.13855,-0.40315,0.03843,0
outer,24.55,1.916,-1.13851,-0.40123,0.03853,0
outer,24.6,1.9251,-1.1385,-0.39935,0.0376,0
outer,24.65,1.9358,-1.13851,-0.39745,0.03793,0
outer,24.7,1.9439,-1.13855,-0.39557,0.03762,0
outer,24.8,1.9628,-1.13866,-0.39173,0.03863,0
outer,24.85,1.971,-1.13871,-0.38984,0.03771,0
outer,24.9,1.9821,-1.13877,-0.38794,0.03811,0
outer,24.95,1.9932,-1.13883,-0.38606,0.03749,0
outer,25.0,2.0009,-1.13888,-0.38418,0.0377,0
outer,25.05,2.0119,-1.13895,-0.38232,0.03717,0
outer,25.2,2.0238,-1.13908,-0.37668,0.03801,0
outer,25.25,2.0321,-1.1391,-0.37481,0.0375,0
outer,25.35,2.041,-1.13914,-0.37111,0.03707,0
outer,25.4,2.049,-1.13916,-0.3692,0.03812,0
outer,25.5,2.0577,-1.13921,-0.36531,0.03914,0
outer,25.55,2.0653,-1.13924,-0.36333,0.03949,0
outer,25.65,2.0741,-1.1393,-0.35938,0.03949,0
outer,25.7,2.0812,-1.13933,-0.35742,0.03917,0
outer,25.8,2.0907,-1.13939,-0.35345,0.03971,0
outer,25.85,2.0987,-1.13943,-0.35147,0.03968,0
outer,25.95,2.1072,-1.13949,-0.34754,0.03892,0
outer,26.0,2.1146,-1.1395,-0.3456,0.0389,0
outer,26.1,2.124,-1.13953,-0.34177,0.03814,0
outer,26.15,2.1316,-1.13954,-0.33987,0.03796,0
outer,26.25,2.1405,-1.13959,-0.33604,0.03835,0
outer,26.3,2.1493,-1.13963,-0.33411,0.03867,0
outer,26.4,2.1571,-1.13971,-0.33028,0.03811,0
outer,26.45,2.1647,-1.13976,-0.32838,0.03805,0
outer,26.55,2.174,-1.13985,-0.32461,0.03753,0
outer,26.6,2.1814,-1.13989,-0.32273,0.03761,0
outer,26.7,2.1906,-1.13996,-0.31894,0.03787,0
outer,26.75,2.1995,-1.13998,-0.31707,0.03748,0
outer,26.85,2.2074,-1.14,-0.31338,0.0369,0
outer,26.9,2.2151,-1.14001,-0.31152,0.03723,0
outer,27.0,2.224,-1.14006,-0.30771,0.03875,0
outer,27.05,2.2316,-1.1401,-0.30579,0.03859,0
outer,27.15,2.2411,-1.14014,-0.30184,0.0396,0
outer,27.2,2.2493,-1.14017,-0.29985,0.03974,0
outer,27.3,2.2572,-1.14023,-0.29588,0.03965,0
outer,27.35,2.2649,-1.14027,-0.29388,0.03995,0
outer,27.4,2.2739,-1.1403,-0.29188,0.03997,0
outer,27.45,2.2817,-1.14032,-0.28992,0.03916,0
outer,27.55,2.2904,-1.14033,-0.28605,0.03847,0
outer,27.6,2.2984,-1.14037,-0.28414,0.0382,0
outer,27.7,2.307,-1.1404,-0.28031,0.03852,0
outer,27.75,2.315,-1.14034,-0.27843,0.03766,0
outer,27.8,2.3235,-1.14031,-0.27653,0.03806,0
outer,27.85,2.3313,-1.1403,-0.27465,0.0376,0
outer,27.95,2.3456,-1.14034,-0.2708,0.03864,0
outer,28.05,2.3597,-1.14045,-0.2651,0.03822,0
outer,28.2,2.3671,-1.14052,-0.2612,0.03882,0
outer,28.25,2.3752,-1.14052,-0.2593,0.03811,0
outer,28.35,2.3932,-1.14053,-0.25552,0.03796,0
outer,28.45,2.4003,-1.14058,-0.25168,0.03883,0
outer,28.5,2.4082,-1.14062,-0.24972,0.03915,0
outer,28.6,2.4155,-1.1407,-0.24578,0.03929,0
outer,28.65,2.4246,-1.14074,-0.24379,0.03974,0
outer,28.75,2.4323,-1.14082,-0.23985,0.03946,0
outer,28.8,2.4432,-1.14087,-0.23785,0.03993,0
outer,28.9,2.4502,-1.14095,-0.23385,0.03968,0
outer,28.95,2.4583,-1.14098,-0.2319,0.03911,0
outer,29.05,2.4662,-1.14101,-0.22806,0.03858,0
outer,29.1,2.4747,-1.14101,-0.22613,0.03859,0
outer,29.2,2.4879,-1.14102,-0.22235,0.03795,0
outer,29.3,2.4953,-1.14105,-0.21858,0.03758,0
outer,29.35,2.5033,-1.14107,-0.21664,0.03873,0
outer,29.45,2.5105,-1.14113,-0.21281,0.0382,0
outer,29.5,2.518,-1.14115,-0.21091,0.03801,0
outer,29.6,2.5265,-1.14121,-0.20713,0.03773,0
outer,29.7,2.5379,-1.14127,-0.20337,0.03734,0
outer,29.75,2.5445,-1.14128,-0.20147,0.03808,0
outer,29.8,2.5519,-1.1413,-0.1996,0.0374,0
outer,29.9,2.5593,-1.14131,-0.19591,0.03708,0
outer,29.95,2.5673,-1.14128,-0.19402,0.03769,0
outer,30.0,2.5738,-1.14127,-0.19213,0.03789,0
outer,30.1,2.5849,-1.14129,-0.18823,0.03919,0
outer,30.15,2.5951,-1.14131,-0.18627,0.0393,0
outer,30.25,2.6084,-1.14134,-0.1823,0.03942,0
outer,30.4,2.6172,-1.14138,-0.17636,0.03971,0
outer,30.45,2.6254,-1.14139,-0.17437,0.03965,0
outer,30.55,2.6412,-1.14145,-0.16849,0.03868,0
outer,30.65,2.6545,-1.14145,-0.16469,0.03789,0
outer,30.8,2.6622,-1.14142,-0.16097,0.03722,0
outer,30.85,2.6712,-1.14138,-0.15911,0.03717,0
outer,30.95,2.6784,-1.14138,-0.15532,0.03813,0
outer,31.0,2.6863,-1.14138,-0.1534,0.03857,0
outer,31.1,2.6933,-1.14141,-0.14955,0.03848,0
outer,31.15,2.701,-1.14143,-0.1476,0.03896,0
outer,31.2,2.7153,-1.14144,-0.1437,0.03904,0
outer,31.35,2.7237,-1.14143,-0.1399,0.03794,0
outer,31.4,2.7318,-1.1414,-0.13804,0.03724,0
outer,31.5,2.7406,-1.14136,-0.13436,0.03715,0
outer,31.55,2.7488,-1.14134,-0.13248,0.03758,0
outer,31.65,2.7571,-1.14134,-0.12864,0.03887,0
outer,31.7,2.766,-1.14134,-0.12669,0.039,0
outer,31.75,2.7738,-1.14136,-0.1247,0.03988,0
outer,31.8,2.7814,-1.14137,-0.1227,0.03995,0
outer,31.9,2.7905,-1.1414,-0.11869,0.04006,0
outer,31.95,2.7978,-1.14142,-0.11671,0.03964,0
outer,32.05,2.8072,-1.14144,-0.11276,0.0394,0
outer,32.1,2.8159,-1.14147,-0.11075,0.04008,0
outer,32.15,2.8236,-1.14149,-0.10875,0.04011,0
outer,32.2,2.8312,-1.14147,-0.10675,0.03987,0
outer,32.3,2.8446,-1.14147,-0.10286,0.03846,0
outer,32.4,2.8619,-1.14149,-0.09705,0.03858,0
outer,32.5,2.8692,-1.14151,-0.09515,0.03803,0
outer,32.55,2.8768,-1.14154,-0.09323,0.03831,0
outer,32.65,2.8842,-1.14161,-0.08946,0.03776,0
outer,32.7,2.8922,-1.14166,-0.08757,0.0377,0
outer,32.8,2.9002,-1.14171,-0.08375,0.03818,0
outer,32.85,2.9091,-1.14174,-0.08186,0.03786,0
outer,32.95,2.9159,-1.14173,-0.07808,0.03779,0
outer,33.0,2.9252,-1.14172,-0.07618,0.03802,0
outer,33.1,2.9323,-1.14176,-0.07231,0.03897,0
outer,33.15,2.9413,-1.14179,-0.07035,0.03928,0
outer,33.25,2.9586,-1.14182,-0.06639,0.03983,0
outer,33.35,2.9658,-1.14186,-0.06242,0.03958,0
outer,33.4,2.9745,-1.14189,-0.06043,0.0399,0
outer,33.5,2.9822,-1.14192,-0.05644,0.03969,0
outer,33.55,2.9918,-1.14196,-0.05447,0.03931,0
outer,33.7,3.0003,-1.14197,-0.04864,0.03884,0
outer,33.75,3.01,-1.14201,-0.04673,0.03833,0
outer,33.85,3.0174,-1.14202,-0.04294,0.03799,0
outer,33.9,3.0251,-1.14201,-0.04106,0.03763,0
outer,34.0,3.0374,-1.142,-0.03722,0.03841,0
outer,34.1,3.045,-1.14203,-0.03341,0.03822,0
outer,34.15,3.0536,-1.14203,-0.03151,0.03798,0
outer,34.25,3.0668,-1.14209,-0.02772,0.03781,0
outer,34.35,3.0758,-1.1421,-0.02396,0.03756,0
outer,34.4,3.0837,-1.14212,-0.02206,0.03797,0
outer,34.5,3.0979,-1.14209,-0.01829,0.038,0
outer,34.6,3.1071,-1.1421,-0.01442,0.03849,0
outer,34.65,3.1149,-1.14209,-0.01246,0.03918,0
outer,34.75,3.1237,-1.14211,-0.0085,0.03952,0
outer,34.8,3.1315,-1.14212,-0.00652,0.03948,0
outer,34.9,3.1404,-1.14212,-0.00256,0.03949,0
outer,35.0,3.1517,-1.14215,0.00141,0.03976,0
outer,35.1,3.1678,-1.14215,0.00535,0.03905,0
outer,35.15,3.1811,-1.14215,0.00918,0.03769,0
outer,35.3,3.1908,-1.14212,0.01296,0.03774,0
outer,35.35,3.1992,-1.14211,0.01482,0.03731,0
outer,35.45,3.2074,-1.14204,0.01851,0.03696,0
outer,35.5,3.2156,-1.14201,0.02037,0.03716,0
outer,35.6,3.2239,-1.14199,0.02414,0.03781,0
outer,35.65,3.2318,-1.14197,0.02606,0.0384,0
outer,35.7,3.241,-1.14197,0.02799,0.03853,0
outer,35.8,3.2486,-1.14197,0.03193,0.03945,0
outer,35.85,3.2571,-1.14197,0.03386,0.03857,0
outer,35.9,3.2645,-1.14196,0.03578,0.03847,0
outer,35.95,3.2739,-1.14194,0.03768,0.03793,0
outer,36.0,3.2813,-1.14193,0.03955,0.03743,0
outer,36.1,3.2907,-1.14187,0.04327,0.03728,0
outer,36.15,3.299,-1.14185,0.04516,0.03781,0
outer,36.25,3.3072,-1.14184,0.04899,0.0386,0
outer,36.3,3.315,-1.14185,0.05095,0.03929,0
outer,36.35,3.3235,-1.14185,0.05294,0.03978,0
outer,36.4,3.3311,-1.14185,0.05494,0.03987,0
outer,36.5,3.3401,-1.14188,0.05893,0.04009,0
outer,36.55,3.348,-1.1419,0.06091,0.03945,0
outer,36.65,3.3573,-1.14192,0.06484,0.03951,0
outer,36.7,3.3647,-1.14194,0.06684,0.04003,0
outer,36.8,3.374,-1.14197,0.07082,0.03977,0
outer,36.85,3.3817,-1.14196,0.07278,0.03917,0
outer,36.95,3.3904,-1.14195,0.07665,0.03867,0
outer,37.05,3.4017,-1.14196,0.08047,0.03871,0
outer,37.15,3.41,-1.14198,0.08428,0.03787,0
outer,37.2,3.4182,-1.142,0.08621,0.03863,0
outer,37.3,3.4258,-1.14204,0.08999,0.03795,0
outer,37.35,3.4336,-1.14207,0.09188,0.03777,0
outer,37.4,3.4408,-1.14209,0.0938,0.03845,0
outer,37.45,3.4492,-1.14208,0.0957,0.0379,0
outer,37.55,3.4571,-1.14206,0.09946,0.03787,0
outer,37.6,3.4651,-1.14205,0.10136,0.03788,0
outer,37.7,3.4742,-1.14208,0.10521,0.03873,0
outer,37.75,3.4821,-1.14209,0.10716,0.03907,0
outer,37.85,3.4907,-1.14212,0.11111,0.03948,0
outer,37.9,3.4987,-1.14213,0.11308,0.03942,0
outer,37.95,3.5069,-1.14215,0.11504,0.03929,0
outer,38.0,3.5149,-1.14217,0.11705,0.04011,0
outer,38.1,3.5241,-1.1422,0.12102,0.03968,0
outer,38.15,3.5316,-1.14221,0.12297,0.03885,0
outer,38.25,3.5406,-1.14221,0.12686,0.03894,0
outer,38.3,3.5484,-1.14222,0.12878,0.03831,0
outer,38.4,3.5571,-1.14219,0.1326,0.03821,0
outer,38.45,3.5653,-1.14217,0.1345,0.03785,0
outer,38.5,3.5738,-1.14218,0.13642,0.03844,0
outer,38.55,3.5814,-1.14218,0.13837,0.03902,0
outer,38.65,3.5906,-1.14221,0.1422,0.03801,0
outer,38.7,3.5984,-1.14223,0.14411,0.03816,0
outer,38.8,3.6071,-1.14227,0.1479,0.03793,0
outer,38.85,3.6147,-1.1423,0.1498,0.03801,0
outer,38.95,3.624,-1.14232,0.15364,0.03863,0
outer,39.0,3.6317,-1.14233,0.15551,0.03753,0
outer,39.1,3.6409,-1.14233,0.15925,0.03783,0
outer,39.2,3.6518,-1.14229,0.16311,0.03879,0
outer,39.3,3.6602,-1.1423,0.16704,0.03916,0
outer,39.35,3.6682,-1.14231,0.16902,0.03967,0
outer,39.45,3.676,-1.14233,0.17297,0.03944,0
outer,39.5,3.6838,-1.14233,0.17495,0.03949,0
outer,39.55,3.698,-1.14234,0.17693,0.03993,0
outer,39.7,3.7077,-1.14237,0.18289,0.03945,0
outer,39.75,3.7161,-1.14236,0.18483,0.03877,0
outer,39.85,3.7241,-1.14234,0.18865,0.03836,0
outer,39.9,3.7316,-1.14234,0.19054,0.03778,0
outer,40.0,3.7406,-1.14231,0.19428,0.03762,0
outer,40.05,3.749,-1.14224,0.19615,0.03741,0
outer,40.15,3.7571,-1.14216,0.1999,0.03753,0
outer,40.2,3.7652,-1.14216,0.20182,0.03834,0
outer,40.25,3.7738,-1.14217,0.20374,0.03841,0
outer,40.3,3.781,-1.14217,0.20569,0.03895,0
outer,40.4,3.7907,-1.1422,0.2095,0.0379,0
outer,40.45,3.7989,-1.14222,0.21139,0.03784,0
outer,40.55,3.8074,-1.14222,0.21525,0.03855,0
outer,40.6,3.8151,-1.14222,0.21714,0.03781,0
outer,40.65,3.8238,-1.1422,0.21902,0.0376,0
outer,40.7,3.8313,-1.14219,0.22091,0.03783,0
outer,40.8,3.8407,-1.14218,0.22477,0.03895,0
outer,40.85,3.8488,-1.14219,0.22673,0.03917,0
outer,40.95,3.8572,-1.1422,0.23069,0.03978,0
outer,41.0,3.8649,-1.14222,0.23267,0.03963,0
outer,41.1,3.8738,-1.14225,0.23662,0.03918,0
outer,41.15,3.8815,-1.14226,0.23862,0.04006,0
outer,41.25,3.8959,-1.14227,0.24258,0.03962,0
outer,41.4,3.9071,-1.14226,0.24841,0.0388,0
outer,41.45,3.9146,-1.14226,0.25033,0.03845,0
outer,41.55,3.9241,-1.14224,0.25412,0.03773,0
outer,41.6,3.9317,-1.14219,0.25603,0.03807,0
outer,41.65,3.9428,-1.14213,0.25795,0.03842,0
outer,41.75,3.9508,-1.14213,0.26175,0.03821,0
outer,41.8,3.9592,-1.14214,0.26369,0.03864,0
outer,41.9,3.9671,-1.14219,0.26747,0.03789,0
outer,41.95,3.9754,-1.14221,0.26937,0.03793,0
outer,42.0,3.9823,-1.14222,0.2713,0.0387,0
outer,42.05,3.9924,-1.14225,0.27319,0.03768,0
outer,42.2,4.0002,-1.14223,0.27887,0.03862,0
outer,42.25,4.0082,-1.14225,0.28081,0.03864,0
outer,42.35,4.0171,-1.14222,0.28458,0.0377,0
outer,42.4,4.0255,-1.1422,0.28648,0.03795,0
outer,42.45,4.0322,-1.14217,0.2884,0.03844,0
outer,42.5,4.0425,-1.14216,0.29035,0.03899,0
outer,42.6,4.0508,-1.14215,0.29432,0.03986,0
outer,42.65,4.0596,-1.14214,0.29631,0.03987,0
outer,42.8,4.0681,-1.14213,0.30231,0.03996,0
outer,42.85,4.0765,-1.14213,0.3043,0.03971,0
outer,42.95,4.0843,-1.14212,0.30825,0.03947,0
outer,43.0,4.0928,-1.14212,0.31021,0.03908,0
outer,43.1,4.1081,-1.14207,0.31405,0.03838,0
outer,43.25,4.1185,-1.14208,0.31981,0.03804,0
outer,43.3,4.1262,-1.14206,0.32174,0.03859,0
outer,43.4,4.1341,-1.14208,0.32555,0.03796,0
outer,43.45,4.1421,-1.14213,0.32749,0.03881,0
outer,43.6,4.158,-1.14211,0.33335,0.03884,0
outer,43.75,4.1672,-1.14209,0.33913,0.03846,0
outer,43.8,4.175,-1.14209,0.34106,0.03846,0
outer,43.95,4.1841,-1.14212,0.34693,0.03928,0
outer,44.0,4.1929,-1.14214,0.3489,0.03947,0
outer,44.1,4.2004,-1.14217,0.35284,0.03951,0
outer,44.15,4.208,-1.14219,0.35482,0.03951,0
outer,44.25,4.2216,-1.14223,0.35876,0.03907,0
outer,44.35,4.229,-1.14224,0.36269,0.03899,0
outer,44.4,4.2374,-1.14224,0.36462,0.03859,0
outer,44.45,4.2469,-1.14221,0.36654,0.03851,0
outer,44.55,4.2543,-1.14215,0.37029,0.03735,0
outer,44.6,4.2624,-1.14212,0.37215,0.03726,0
outer,44.7,4.2691,-1.14211,0.37592,0.03776,0
outer,44.75,4.2778,-1.14211,0.37784,0.03847,0
outer,44.8,4.2865,-1.14211,0.37978,0.03872,0
outer,44.9,4.2943,-1.14214,0.38359,0.03756,0
outer,44.95,4.3024,-1.14217,0.38552,0.03856,0
outer,45.05,4.3159,-1.14219,0.38938,0.03862,0
outer,45.1,4.3237,-1.14218,0.39128,0.03805,0
outer,45.15,4.331,-1.14217,0.39317,0.03769,0
outer,45.25,4.3443,-1.14214,0.39696,0.03809,0
outer,45.35,4.3523,-1.14215,0.40084,0.03923,0
outer,45.4,4.3609,-1.14215,0.40282,0.03957,0
outer,45.55,4.3744,-1.14218,0.40877,0.03967,0
outer,45.6,4.382,-1.1422,0.41074,0.03954,0
outer,45.65,4.3933,-1.14221,0.41274,0.04002,0
outer,45.75,4.4007,-1.14224,0.41671,0.0395,0
outer,45.8,4.4089,-1.14226,0.41868,0.03934,0
outer,45.95,4.4244,-1.14226,0.42455,0.03868,0
outer,46.05,4.4323,-1.14224,0.4284,0.03841,0
outer,46.1,4.4416,-1.14221,0.43028,0.03762,0
outer,46.2,4.4492,-1.14215,0.43399,0.03699,0
outer,46.3,4.4611,-1.14211,0.43774,0.03771,0
outer,46.4,4.4749,-1.1421,0.44158,0.03857,0
outer,46.55,4.4918,-1.14212,0.44737,0.03914,0
outer,46.7,4.5081,-1.14209,0.45317,0.03837,0
outer,46.8,4.521,-1.14205,0.45697,0.03784,0
outer,46.9,4.5283,-1.14205,0.46083,0.0387,0
outer,46.95,4.5358,-1.14206,0.46281,0.03971,0
outer,47.0,4.5423,-1.14207,0.46478,0.03927,0
outer,47.05,4.5499,-1.14208,0.46678,0.04005,0
outer,47.1,4.5573,-1.1421,0.46878,0.04007,0
outer,47.15,4.5645,-1.14212,0.47076,0.03942,0
outer,47.2,4.5737,-1.14213,0.47271,0.03918,0
outer,47.25,4.5812,-1.14215,0.4747,0.03968,0
outer,47.35,4.5908,-1.14218,0.47866,0.0393,0
outer,47.4,4.5986,-1.14218,0.4806,0.03898,0
outer,47.5,4.6071,-1.14219,0.4845,0.03892,0
outer,47.55,4.6148,-1.14218,0.48644,0.03877,0
outer,47.65,4.6241,-1.14216,0.49027,0.03835,0
outer,47.7,4.6316,-1.14214,0.49218,0.03821,0
outer,47.8,4.6406,-1.14215,0.496,0.03843,0
outer,47.85,4.6489,-1.14216,0.49793,0.03865,0
outer,47.95,4.6567,-1.1422,0.50175,0.03764,0
outer,48.0,4.6647,-1.14222,0.50369,0.03873,0
outer,48.1,4.678,-1.14223,0.50759,0.03862,0
outer,48.25,4.6864,-1.14221,0.5133,0.03812,0
outer,48.3,4.6944,-1.14219,0.51521,0.0382,0
outer,48.4,4.7016,-1.14214,0.51897,0.03753,0
outer,48.45,4.7094,-1.14211,0.52086,0.03784,0
outer,48.55,4.7171,-1.1421,0.52471,0.03867,0
outer,48.6,4.7248,-1.14209,0.52669,0.03956,0
outer,48.75,4.733,-1.14206,0.5327,0.03989,0
outer,48.8,4.7421,-1.14206,0.53472,0.04025,0
outer,48.95,4.7511,-1.14202,0.54075,0.03981,0
outer,49.0,4.7592,-1.14202,0.54271,0.03935,0
outer,49.1,4.772,-1.14194,0.54656,0.03851,0
outer,49.25,4.7801,-1.14178,0.55221,0.0381,0
outer,49.3,4.7882,-1.14174,0.55407,0.03712,0
outer,49.4,4.7955,-1.14167,0.55777,0.03634,0
outer,49.45,4.8027,-1.14164,0.55962,0.03706,0
outer,49.55,4.815,-1.14159,0.56327,0.03656,0
outer,49.65,4.8239,-1.14149,0.56691,0.03627,0
outer,49.7,4.8318,-1.14143,0.56868,0.03548,0
outer,49.8,4.8442,-1.14129,0.57217,0.0349,0
outer,49.9,4.8522,-1.14112,0.57554,0.03382,0
outer,49.95,4.8604,-1.14107,0.57721,0.03351,0
outer,50.0,4.8669,-1.14101,0.57889,0.03354,0
outer,50.05,4.8754,-1.14091,0.58065,0.03528,0
outer,50.15,4.883,-1.1407,0.58429,0.0365,0
outer,50.2,4.8913,-1.14061,0.5861,0.03611,0
outer,50.3,4.905,-1.14037,0.58965,0.03534,0
outer,50.45,4.9143,-1.14001,0.59494,0.03567,0
outer,50.5,4.9263,-1.13988,0.59669,0.03511,0
outer,50.65,4.9413,-1.1395,0.60188,0.03422,0
outer,50.75,4.9492,-1.13924,0.60535,0.03493,0
outer,50.8,4.9585,-1.13912,0.60709,0.03484,0
outer,50.9,4.9727,-1.1388,0.6105,0.03398,0
outer,51.0,4.9865,-1.13831,0.61551,0.03388,0
outer,51.15,4.9952,-1.13799,0.61888,0.03349,0
outer,51.2,5.0032,-1.13785,0.62056,0.03375,0
outer,51.35,5.0125,-1.13742,0.62558,0.03358,0
outer,51.4,5.0216,-1.13727,0.62726,0.03374,0
outer,51.5,5.0282,-1.13699,0.6306,0.03335,0
outer,51.55,5.0356,-1.13686,0.63227,0.03349,0
outer,51.6,5.0453,-1.13669,0.63389,0.03265,0
outer,51.7,5.0591,-1.13632,0.637,0.03105,0
outer,51.8,5.0664,-1.13593,0.64001,0.03066,0
outer,51.85,5.0742,-1.13576,0.64152,0.03038,0
outer,51.9,5.0803,-1.13557,0.64305,0.03076,0
outer,51.95,5.0878,-1.1354,0.64459,0.03094,0
outer,52.05,5.0953,-1.13496,0.64772,0.03196,0
outer,52.1,5.1042,-1.13475,0.6493,0.03186,0
outer,52.2,5.1174,-1.13428,0.65242,0.03169,0
outer,52.3,5.1257,-1.13379,0.65555,0.03181,0
outer,52.35,5.1338,-1.13354,0.6571,0.0314,0
outer,52.4,5.1481,-1.13328,0.65866,0.03146,0
outer,52.55,5.1571,-1.13251,0.66334,0.03165,0
outer,52.6,5.1652,-1.13227,0.66491,0.03168,0
outer,52.7,5.1737,-1.13176,0.66805,0.0319,0
outer,52.75,5.1815,-1.13151,0.66962,0.03177,0
outer,52.85,5.1906,-1.13098,0.67274,0.03167,0
outer,52.9,5.1992,-1.13073,0.67428,0.03123,0
outer,53.0,5.2071,-1.13015,0.67732,0.03114,0
outer,53.05,5.2159,-1.12987,0.67885,0.03109,0
outer,53.1,5.2236,-1.12957,0.68039,0.03139,0
outer,53.15,5.2309,-1.12923,0.68189,0.03076,0
outer,53.25,5.2405,-1.12861,0.68485,0.03007,0
outer,53.3,5.2489,-1.1283,0.68637,0.03093,0
outer,53.35,5.2567,-1.12801,0.68793,0.03176,0
outer,53.4,5.2645,-1.1277,0.6895,0.032,0
outer,53.5,5.274,-1.12714,0.69263,0.03155,0
outer,53.55,5.2817,-1.12695,0.69422,0.03211,0
outer,53.65,5.2905,-1.12644,0.6976,0.03483,0
outer,53.7,5.2985,-1.12615,0.69931,0.03472,0
outer,53.8,5.3072,-1.12553,0.70261,0.0331,0
outer,53.85,5.315,-1.12526,0.7042,0.03218,0
outer,53.9,5.3235,-1.12499,0.70578,0.03209,0
outer,53.95,5.3311,-1.12474,0.70735,0.0319,0
outer,54.05,5.3406,-1.12413,0.71035,0.03053,0
outer,54.1,5.3487,-1.12383,0.7118,0.02958,0
outer,54.2,5.3569,-1.12318,0.71457,0.0284,0
outer,54.25,5.3646,-1.12284,0.71592,0.02785,0
outer,54.35,5.3777,-1.12214,0.71855,0.02674,0
outer,54.45,5.3926,-1.12143,0.7212,0.02844,0
outer,54.55,5.4024,-1.12072,0.72393,0.02789,0
outer,54.65,5.4157,-1.11996,0.72663,0.02808,0
outer,54.75,5.4237,-1.11918,0.72937,0.02832,0
outer,54.8,5.4322,-1.11878,0.73074,0.02859,0
outer,54.9,5.4404,-1.11796,0.73344,0.02832,0
outer,54.95,5.4486,-1.11755,0.73481,0.02869,0
outer,55.05,5.4571,-1.1167,0.73752,0.02827,0
outer,55.1,5.4656,-1.11627,0.73891,0.02892,0
outer,55.2,5.4737,-1.11542,0.74169,0.02914,0
outer,55.25,5.4827,-1.11498,0.74308,0.02924,0
outer,55.35,5.4905,-1.11409,0.74587,0.02909,0
outer,55.4,5.4987,-1.11362,0.74723,0.02883,0
outer,55.5,5.5072,-1.11271,0.74998,0.0286,0
outer,55.55,5.5156,-1.11222,0.75137,0.02956,0
outer,55.6,5.524,-1.11176,0.7528,0.03,0
outer,55.65,5.5321,-1.11128,0.75422,0.03011,0
outer,55.75,5.5406,-1.11043,0.75712,0.03013,0
outer,55.8,5.5476,-1.11003,0.75858,0.03019,0
outer,55.9,5.5573,-1.1092,0.76141,0.02963,0
outer,55.95,5.565,-1.10876,0.76283,0.02964,0
outer,56.0,5.574,-1.10833,0.7642,0.02875,0
outer,56.05,5.5814,-1.10788,0.76555,0.02856,0
outer,56.15,5.593,-1.10697,0.76826,0.02896,0
outer,56.2,5.6007,-1.10653,0.76962,0.02867,0
outer,56.25,5.609,-1.10607,0.77097,0.02838,0
outer,56.3,5.6166,-1.10562,0.77229,0.02808,0
outer,56.35,5.6239,-1.10516,0.77357,0.02712,0
outer,56.4,5.6323,-1.10474,0.77486,0.0272,0
outer,56.5,5.6404,-1.10384,0.77755,0.02894,0
outer,56.55,5.6485,-1.10339,0.77893,0.02899,0
outer,56.65,5.6571,-1.10245,0.7816,0.02843,0
outer,56.7,5.6647,-1.10197,0.78291,0.0279,0
outer,56.8,5.6738,-1.10098,0.78554,0.02824,0
outer,56.85,5.6824,-1.10048,0.78682,0.02751,0
outer,56.95,5.6905,-1.09948,0.78937,0.02761,0
outer,57.0,5.6985,-1.09896,0.79063,0.02726,0
outer,57.1,5.7069,-1.09792,0.79318,0.02766,0
outer,57.15,5.7155,-1.09741,0.79446,0.02751,0
outer,57.25,5.7289,-1.09637,0.79705,0.02801,0
outer,57.35,5.7366,-1.09531,0.79963,0.02786,0
outer,57.4,5.7441,-1.09477,0.80093,0.0281,0
outer,57.5,5.7582,-1.09368,0.8035,0.0278,0
outer,57.65,5.7673,-1.09202,0.8073,0.02738,0
outer,57.7,5.7759,-1.09144,0.80858,0.02799,0
outer,57.8,5.7917,-1.09029,0.81116,0.02828,0
outer,57.9,5.7984,-1.08912,0.81379,0.02864,0
outer,57.95,5.808,-1.08848,0.81502,0.02775,0
outer,58.05,5.8219,-1.08719,0.81749,0.02811,0
outer,58.15,5.8299,-1.08604,0.82016,0.02871,0
outer,58.2,5.8382,-1.08546,0.82148,0.0289,0
outer,58.3,5.8452,-1.08432,0.82406,0.0283,0
outer,58.35,5.8534,-1.08375,0.82536,0.02824,0
outer,58.45,5.8613,-1.08258,0.82789,0.02822,0
outer,58.5,5.8699,-1.08198,0.82915,0.02804,0
outer,58.6,5.8768,-1.08078,0.83161,0.0273,0
outer,58.65,5.8843,-1.08022,0.83286,0.02737,0
outer,58.75,5.8925,-1.07903,0.83537,0.02823,0
outer,58.8,5.9002,-1.07844,0.83664,0.02812,0
outer,58.85,5.9099,-1.07782,0.83787,0.02753,0
outer,59.0,5.9244,-1.07602,0.84138,0.02591,0
outer,59.1,5.9323,-1.07481,0.84365,0.02601,0
outer,59.15,5.9422,-1.07418,0.84483,0.02671,0
outer,59.3,5.9511,-1.07226,0.84838,0.02708,0
outer,59.35,5.9602,-1.07161,0.84957,0.0271,0
outer,59.45,5.9675,-1.07029,0.85194,0.02695,0
outer,59.5,5.9747,-1.06962,0.85314,0.02747,0
outer,59.55,5.9835,-1.06895,0.85434,0.02752,0
outer,59.6,5.9971,-1.06827,0.85554,0.02755,0
outer,59.75,6.0071,-1.06623,0.85909,0.02707,0
outer,59.8,6.0153,-1.06555,0.86025,0.02697,0
outer,59.85,6.0244,-1.06486,0.86145,0.02751,0
outer,59.95,6.0422,-1.06279,0.86517,0.02866,0
outer,60.1,6.0509,-1.06141,0.86763,0.02831,0
outer,60.15,6.0592,-1.06073,0.86884,0.02769,0
outer,60.25,6.0702,-1.05935,0.87128,0.0279,0
outer,60.35,6.0785,-1.05795,0.87363,0.02705,0
outer,60.45,6.086,-1.05656,0.87591,0.02673,0
outer,60.5,6.0955,-1.05579,0.87701,0.02683,0
outer,60.6,6.1029,-1.05437,0.87917,0.0256,0
outer,60.65,6.1105,-1.05362,0.8803,0.02712,0
outer,60.75,6.1174,-1.05219,0.88267,0.02783,0
outer,60.8,6.1254,-1.05155,0.88391,0.02792,0
outer,60.9,6.1334,-1.05013,0.88648,0.02945,0
outer,60.95,6.1422,-1.04939,0.88775,0.02947,0
outer,61.05,6.1496,-1.04789,0.89011,0.0276,0
outer,61.1,6.1581,-1.04719,0.89123,0.02645,0
outer,61.25,6.1752,-1.04507,0.89452,0.02592,0
outer,61.4,6.1842,-1.04286,0.89772,0.02675,0
outer,61.45,6.193,-1.0421,0.89879,0.02624,0
outer,61.55,6.2004,-1.04068,0.9008,0.02446,0
outer,61.6,6.2079,-1.03997,0.90177,0.02409,0
outer,61.65,6.2166,-1.03928,0.90278,0.0243,0
outer,61.7,6.2239,-1.03856,0.90381,0.02522,0
outer,61.75,6.2316,-1.03783,0.90487,0.02583,0
outer,61.85,6.2404,-1.03632,0.90698,0.02583,0
outer,61.9,6.2478,-1.03556,0.90801,0.02567,0
outer,62.0,6.2621,-1.03405,0.91007,0.0257,0
outer,62.15,6.2704,-1.03174,0.91311,0.02538,0
outer,62.2,6.2799,-1.03096,0.91411,0.0254,0
outer,62.35,6.2909,-1.02859,0.91711,0.02535,0
outer,62.4,6.2981,-1.02778,0.91811,0.02568,0
outer,62.5,6.3075,-1.02615,0.92012,0.02579,0
outer,62.55,6.315,-1.02534,0.92113,0.0259,0
outer,62.6,6.324,-1.02453,0.92216,0.02621,0
outer,62.65,6.3318,-1.02369,0.9232,0.02682,0
outer,62.75,6.3442,-1.02198,0.92529,0.02696,0
outer,62.85,6.3522,-1.02029,0.92737,0.02657,0
outer,62.9,6.3603,-1.01943,0.92841,0.02687,0
outer,63.0,6.3675,-1.01771,0.9305,0.02682,0
outer,63.05,6.3756,-1.01684,0.93154,0.02709,0
outer,63.15,6.3856,-1.01507,0.93368,0.02766,0
outer,63.2,6.3928,-1.0142,0.93472,0.02719,0
outer,63.3,6.4047,-1.01234,0.9369,0.0289,0
outer,63.45,6.4144,-1.00971,0.9403,0.02748,0
outer,63.5,6.426,-1.00882,0.94134,0.0273,0
outer,63.65,6.4345,-1.00627,0.94447,0.02822,0
outer,63.7,6.442,-1.00539,0.94558,0.02838,0
outer,63.8,6.4495,-1.00368,0.94771,0.02752,0
outer,63.85,6.4579,-1.00281,0.94877,0.02734,0
outer,63.9,6.4644,-1.00195,0.94976,0.02633,0
outer,63.95,6.4729,-1.00109,0.95069,0.02542,0
outer,64.1,6.4811,-0.99861,0.95341,0.02549,0
outer,64.15,6.4891,-0.99778,0.95438,0.02549,0
outer,64.25,6.501,-0.99618,0.95618,0.02387,0
outer,64.35,6.5093,-0.99452,0.95791,0.02416,0
outer,64.4,6.5178,-0.99368,0.95878,0.02423,0
outer,64.5,6.5258,-0.99199,0.96049,0.02411,0
outer,64.55,6.5334,-0.99113,0.96133,0.02411,0
outer,64.6,6.5404,-0.99027,0.96215,0.0238,0
outer,64.65,6.5479,-0.98941,0.963,0.02408,0
outer,64.75,6.5616,-0.98764,0.96475,0.02511,0
outer,64.85,6.5699,-0.98584,0.96652,0.02536,0
outer,64.95,6.5828,-0.984,0.9683,0.02571,0
outer,65.05,6.5904,-0.98218,0.97002,0.02477,0
outer,65.1,6.5977,-0.98125,0.97088,0.02542,0
outer,65.25,6.6143,-0.97838,0.97361,0.02562,0
outer,65.35,6.6238,-0.97652,0.97537,0.02561,0
outer,65.4,6.6315,-0.97555,0.97626,0.02649,0
outer,65.5,6.6407,-0.97363,0.97804,0.02561,0
outer,65.55,6.6487,-0.97265,0.97892,0.02651,0
outer,65.65,6.6574,-0.97067,0.98073,0.02659,0
outer,65.7,6.6662,-0.9697,0.98162,0.02628,0
outer,65.8,6.6739,-0.96766,0.98346,0.02753,0
outer,65.85,6.682,-0.96663,0.98433,0.02704,0
outer,65.95,6.6908,-0.96459,0.98606,0.02611,0
outer,66.0,6.6991,-0.96357,0.98693,0.02688,0
outer,66.1,6.7072,-0.96155,0.98879,0.02734,0
outer,66.2,6.7188,-0.95962,0.99092,0.02952,0
outer,66.25,6.7315,-0.95855,0.99196,0.02967,0
outer,66.4,6.7405,-0.95544,0.99488,0.02758,0
outer,66.45,6.7488,-0.95445,0.99577,0.02665,0
outer,66.55,6.7571,-0.95251,0.99747,0.02621,0
outer,66.6,6.7665,-0.95156,0.99834,0.0257,0
outer,66.65,6.7738,-0.95062,0.99915,0.02484,0
outer,66.7,6.7814,-0.94969,0.99991,0.02403,0
outer,66.8,6.7905,-0.94788,1.00139,0.0236,0
outer,66.85,6.7981,-0.94698,1.00212,0.02319,0
outer,66.9,6.8055,-0.94608,1.00282,0.02284,0
outer,66.95,6.8141,-0.94523,1.0035,0.0217,0
outer,67.05,6.8276,-0.9434,1.00493,0.02367,0
outer,67.15,6.8353,-0.9415,1.00639,0.02404,0
outer,67.2,6.8434,-0.94055,1.0071,0.02381,0
outer,67.3,6.8515,-0.93862,1.00854,0.02407,0
outer,67.35,6.8602,-0.93764,1.00925,0.02423,0
outer,67.45,6.874,-0.93567,1.01068,0.02472,0
outer,67.6,6.8823,-0.93265,1.01283,0.02451,0
outer,67.65,6.8916,-0.93163,1.01356,0.02523,0
outer,67.75,6.9058,-0.92953,1.01505,0.02596,0
outer,67.85,6.9122,-0.92742,1.01654,0.02548,0
outer,67.9,6.9201,-0.92637,1.01728,0.02578,0
outer,67.95,6.9299,-0.92527,1.01805,0.02672,0
outer,68.05,6.9439,-0.92306,1.0196,0.02697,0
outer,68.2,6.9533,-0.9199,1.02178,0.02503,0
outer,68.25,6.9615,-0.91882,1.02252,0.02619,0
outer,68.35,6.9752,-0.91662,1.024,0.02637,0
outer,68.5,6.9929,-0.91326,1.02628,0.02667,0
outer,68.65,7.0003,-0.90993,1.02853,0.02625,0
outer,68.7,7.0084,-0.90888,1.02927,0.02571,0
outer,68.8,7.0173,-0.90666,1.03086,0.02778,0
outer,68.85,7.025,-0.90551,1.03162,0.02756,0
outer,68.95,7.0393,-0.90328,1.03328,0.02807,0
outer,69.05,7.0501,-0.90099,1.03506,0.02928,0
outer,69.15,7.0582,-0.89869,1.03663,0.02704,0
outer,69.2,7.0662,-0.89756,1.03735,0.0268,0
outer,69.25,7.077,-0.89652,1.03802,0.02477,0
outer,69.35,7.0916,-0.89453,1.03922,0.02288,0
outer,69.45,7.1076,-0.8925,1.04044,0.02413,0
outer,69.6,7.1155,-0.88946,1.04228,0.02363,0
outer,69.65,7.1267,-0.88848,1.04288,0.02292,0
outer,69.8,7.1354,-0.88546,1.04457,0.02356,0
outer,69.85,7.1439,-0.88446,1.04512,0.02296,0
outer,69.95,7.1515,-0.88247,1.04616,0.02265,0
outer,70.0,7.159,-0.88144,1.04671,0.02336,0
outer,70.1,7.1663,-0.87933,1.04783,0.02396,0
outer,70.15,7.1743,-0.87826,1.04838,0.02411,0
outer,70.25,7.1873,-0.87607,1.0495,0.02473,0
outer,70.4,7.2006,-0.87277,1.05118,0.02472,0
outer,70.45,7.2145,-0.87045,1.05237,0.02648,0
outer,70.6,7.2278,-0.86818,1.05354,0.02567,0
outer,70.7,7.2353,-0.8659,1.05469,0.02547,0
outer,70.75,7.2435,-0.86475,1.05525,0.0256,0
outer,70.9,7.2524,-0.86134,1.05694,0.02492,0
outer,70.95,7.2606,-0.86018,1.05749,0.02568,0
outer,71.05,7.271,-0.85783,1.05863,0.02583,0
outer,71.1,7.277,-0.85666,1.05919,0.02606,0
outer,71.15,7.2845,-0.85547,1.05975,0.02631,0
outer,71.25,7.2928,-0.853,1.06096,0.02776,0
outer,71.3,7.3011,-0.85179,1.06153,0.02671,0
outer,71.35,7.3077,-0.85057,1.06212,0.02696,0
outer,71.4,7.3156,-0.84937,1.06271,0.02681,0
outer,71.45,7.3237,-0.84809,1.06333,0.02846,0
outer,71.5,7.3313,-0.84679,1.06397,0.02903,0
outer,71.6,7.3408,-0.84428,1.06526,0.02717,0
outer,71.65,7.3488,-0.84302,1.06587,0.028,0
outer,71.75,7.3572,-0.84054,1.06721,0.02777,0
outer,71.8,7.3652,-0.83928,1.06782,0.02793,0
outer,71.9,7.374,-0.83688,1.06892,0.02624,0
outer,71.95,7.3817,-0.83574,1.0695,0.02568,0
outer,72.05,7.3905,-0.83352,1.07056,0.02492,0
outer,72.15,7.4017,-0.83124,1.07153,0.02408,0
outer,72.25,7.4152,-0.82903,1.0725,0.02406,0
outer,72.35,7.424,-0.82689,1.07338,0.02351,0
outer,72.4,7.4322,-0.82582,1.07382,0.02323,0
outer,72.5,7.4404,-0.82369,1.07464,0.02329,0
outer,72.55,7.4485,-0.82261,1.07507,0.02328,0
outer,72.6,7.458,-0.82155,1.07546,0.02251,0
outer,72.7,7.4725,-0.81937,1.07627,0.0237,0
outer,72.85,7.4909,-0.81587,1.07756,0.02502,0
outer,72.95,7.5046,-0.81354,1.0784,0.02458,0
outer,73.05,7.5186,-0.81002,1.07961,0.0248,0
outer,73.2,7.5272,-0.80767,1.08042,0.02474,0
outer,73.25,7.5359,-0.80646,1.08082,0.02541,0
outer,73.35,7.5434,-0.80402,1.08164,0.0254,0
outer,73.4,7.5512,-0.8028,1.08204,0.02571,0
outer,73.5,7.5646,-0.80029,1.08286,0.02644,0
outer,73.6,7.5738,-0.79785,1.08365,0.02557,0
outer,73.7,7.585,-0.79533,1.08445,0.02686,0
outer,73.8,7.5931,-0.79284,1.08525,0.02571,0
outer,73.85,7.6012,-0.79158,1.08562,0.02618,0
outer,73.95,7.614,-0.78896,1.08643,0.02728,0
outer,74.05,7.6237,-0.78632,1.08726,0.0277,0
outer,74.1,7.6318,-0.78503,1.08765,0.0269,0
outer,74.15,7.6402,-0.78371,1.08806,0.02761,0
outer,74.2,7.648,-0.78237,1.08848,0.02811,0
outer,74.3,7.6612,-0.77952,1.08943,0.03034,0
outer,74.4,7.6686,-0.77668,1.09046,0.02938,0
outer,74.45,7.677,-0.77533,1.09089,0.02845,0
outer,74.6,7.6853,-0.77137,1.09218,0.02865,0
outer,74.65,7.6929,-0.76999,1.0926,0.02875,0
outer,74.75,7.7001,-0.76742,1.09336,0.02649,0
outer,74.8,7.708,-0.76618,1.09378,0.02622,0
outer,74.9,7.722,-0.76371,1.09463,0.02605,0
outer,75.05,7.7304,-0.75986,1.09575,0.02744,0
outer,75.1,7.738,-0.75857,1.09615,0.02708,0
outer,75.2,7.7508,-0.75603,1.09681,0.0258,0
outer,75.25,7.7573,-0.7548,1.09711,0.02532,0
outer,75.3,7.7662,-0.75356,1.09741,0.02564,0
outer,75.35,7.7736,-0.75229,1.09771,0.02606,0
outer,75.4,7.7812,-0.751,1.09801,0.02638,0
outer,75.5,7.7942,-0.74842,1.09862,0.02675,0
outer,75.55,7.8054,-0.74709,1.09893,0.02738,0
outer,75.65,7.8127,-0.74443,1.09953,0.02699,0
outer,75.7,7.8204,-0.74311,1.09984,0.02712,0
outer,75.8,7.8308,-0.74044,1.10046,0.02746,0
outer,75.85,7.8371,-0.73908,1.10075,0.02784,0
outer,75.95,7.85,-0.73636,1.10132,0.02778,0
outer,76.05,7.8581,-0.73366,1.10188,0.02763,0
outer,76.15,7.8686,-0.73098,1.10241,0.02764,0
outer,76.25,7.8807,-0.72821,1.10294,0.02832,0
outer,76.35,7.8935,-0.72539,1.10349,0.029,0
outer,76.5,7.9023,-0.72117,1.10428,0.02798,0
outer,76.55,7.91,-0.71977,1.10453,0.02843,0
outer,76.65,7.925,-0.71686,1.10507,0.02971,0
outer,76.75,7.9322,-0.71387,1.10564,0.02986,0
outer,76.8,7.9422,-0.71242,1.1059,0.02959,0
outer,76.95,7.9514,-0.70802,1.10683,0.02934,0
outer,77.0,7.9597,-0.70655,1.10715,0.03003,0
outer,77.1,7.9673,-0.70357,1.10782,0.0304,0
outer,77.15,7.9749,-0.70206,1.10815,0.03079,0
outer,77.25,7.9883,-0.69918,1.10875,0.02939,0
outer,77.4,7.9963,-0.69486,1.10958,0.03031,0
outer,77.45,8.004,-0.69336,1.10985,0.03059,0
outer,77.5,8.0114,-0.69193,1.11012,0.02915,0
outer,77.55,8.0194,-0.69049,1.11037,0.02925,0
outer,77.65,8.0276,-0.68748,1.11088,0.03097,0
outer,77.7,8.0357,-0.6859,1.11114,0.03202,0
outer,77.75,8.0457,-0.6843,1.11142,0.03247,0
outer,77.85,8.0589,-0.68114,1.11196,0.03217,0
outer,77.95,8.0664,-0.67802,1.11248,0.03155,0
outer,78.0,8.0749,-0.67643,1.11272,0.03202,0
outer,78.1,8.0913,-0.67328,1.11322,0.03197,0
outer,78.25,8.1,-0.66856,1.11393,0.03163,0
outer,78.3,8.1086,-0.667,1.11415,0.03145,0
outer,78.45,8.1172,-0.66232,1.11479,0.03155,0
outer,78.5,8.1261,-0.66076,1.11502,0.03153,0
outer,78.6,8.1334,-0.6576,1.11547,0.03222,0
outer,78.65,8.1409,-0.65597,1.11569,0.03276,0
outer,78.7,8.1495,-0.65441,1.11583,0.03139,0
outer,78.8,8.1573,-0.65133,1.11616,0.03052,0
outer,78.85,8.1659,-0.64977,1.11632,0.03148,0
outer,78.95,8.1738,-0.64661,1.11676,0.03185,0
outer,79.0,8.1814,-0.64498,1.117,0.03303,0
outer,79.1,8.1906,-0.64168,1.11752,0.03333,0
outer,79.15,8.1986,-0.64002,1.11777,0.03349,0
outer,79.2,8.2124,-0.63672,1.11829,0.0332,0
outer,79.35,8.2204,-0.63345,1.11877,0.03277,0
outer,79.4,8.2286,-0.63184,1.11906,0.0328,0
outer,79.45,8.2425,-0.63021,1.11932,0.03264,0
outer,79.6,8.2502,-0.62548,1.12006,0.03182,0
outer,79.65,8.2594,-0.62389,1.12027,0.03209,0
outer,79.7,8.2738,-0.62226,1.12046,0.03403,0
outer,79.9,8.2831,-0.61544,1.12124,0.03425,0
outer,79.95,8.2917,-0.61376,1.12142,0.03368,0
outer,80.1,8.3002,-0.60868,1.12193,0.03388,0
outer,80.15,8.3094,-0.60698,1.12209,0.03415,0
outer,80.3,8.3182,-0.60193,1.1226,0.03396,0
outer,80.35,8.3263,-0.60024,1.12275,0.03398,0
outer,80.45,8.3343,-0.59687,1.12305,0.0338,0
outer,80.5,8.3422,-0.59519,1.12321,0.03375,0
outer,80.6,8.3564,-0.59174,1.12356,0.03467,0
outer,80.75,8.3653,-0.58655,1.12406,0.03443,0
outer,80.8,8.3745,-0.58488,1.12414,0.0336,0
outer,80.85,8.3901,-0.58321,1.12421,0.03325,0
outer,80.95,8.3974,-0.57986,1.12445,0.03384,0
outer,81.0,8.4055,-0.57813,1.12463,0.03469,0
outer,81.15,8.4143,-0.57295,1.12517,0.03436,0
outer,81.2,8.4253,-0.57123,1.12536,0.03451,0
outer,81.3,8.4326,-0.56777,1.12568,0.03475,0
outer,81.35,8.4416,-0.56608,1.12586,0.03397,0
outer,81.45,8.4493,-0.56272,1.12615,0.03424,0
outer,81.5,8.4592,-0.56104,1.1263,0.03372,0
outer,81.6,8.4663,-0.55767,1.12654,0.03391,0
outer,81.65,8.4746,-0.55591,1.12667,0.03537,0
outer,81.8,8.4832,-0.55024,1.12712,0.03792,0
outer,81.85,8.4915,-0.54836,1.12726,0.03765,0
outer,81.95,8.4994,-0.54459,1.12756,0.03799,0
outer,82.0,8.5078,-0.5427,1.12771,0.03807,0
outer,82.05,8.5179,-0.54081,1.12785,0.03776,0
outer,82.1,8.5249,-0.53895,1.128,0.03744,0
outer,82.2,8.5419,-0.53531,1.12827,0.03618,0
outer,82.35,8.5503,-0.52983,1.12863,0.03721,0
outer,82.4,8.5593,-0.52801,1.12876,0.03643,0
outer,82.55,8.5685,-0.52256,1.1291,0.03677,0
outer,82.6,8.5764,-0.52074,1.12921,0.03658,0
outer,82.7,8.5862,-0.5171,1.12944,0.03581,0
outer,82.8,8.594,-0.51347,1.12971,0.0364,0
outer,82.85,8.6033,-0.51161,1.12986,0.03725,0
outer,82.95,8.6156,-0.50792,1.13012,0.03658,0
outer,83.0,8.6254,-0.50614,1.13024,0.03585,0
outer,83.1,8.6334,-0.50266,1.13043,0.03483,0
outer,83.15,8.6415,-0.50094,1.13055,0.03441,0
outer,83.2,8.658,-0.49746,1.1307,0.03561,0
outer,83.35,8.6654,-0.49381,1.13088,0.03724,0
outer,83.4,8.675,-0.4919,1.131,0.03826,0
outer,83.55,8.6841,-0.486,1.13136,0.03941,0
outer,83.6,8.6935,-0.48403,1.13148,0.03952,0
outer,83.7,8.7008,-0.48013,1.13173,0.0393,0
outer,83.75,8.7084,-0.47815,1.13185,0.03972,0
outer,83.85,8.7216,-0.47422,1.13209,0.0391,0
outer,84.0,8.7406,-0.46852,1.13239,0.03736,0
outer,84.05,8.7563,-0.46664,1.13247,0.03689,0
outer,84.2,8.7652,-0.46106,1.13279,0.03754,0
outer,84.25,8.7747,-0.45923,1.1328,0.03674,0
outer,84.4,8.7834,-0.4538,1.13302,0.03578,0
outer,84.45,8.7924,-0.45199,1.13307,0.03634,0
outer,84.55,8.8011,-0.44834,1.13326,0.03681,0
outer,84.6,8.8091,-0.4465,1.13336,0.03685,0
outer,84.75,8.8182,-0.44093,1.13363,0.03667,0
outer,84.8,8.8269,-0.43911,1.13371,0.03642,0
outer,84.95,8.8365,-0.43366,1.13393,0.03639,0
outer,85.0,8.8448,-0.43181,1.13401,0.0371,0
outer,85.1,8.8533,-0.42803,1.13419,0.03797,0
outer,85.15,8.8608,-0.42608,1.13429,0.03907,0
outer,85.25,8.8692,-0.42211,1.13448,0.03992,0
outer,85.3,8.8771,-0.42011,1.13459,0.04009,0
outer,85.45,8.8864,-0.41413,1.13488,0.03996,0
outer,85.5,8.8949,-0.41215,1.13499,0.03968,0
outer,85.6,8.9023,-0.40823,1.13515,0.03872,0
outer,85.65,8.9105,-0.4063,1.13522,0.03845,0
outer,85.75,8.9185,-0.40252,1.13535,0.03782,0
outer,85.8,8.9261,-0.40065,1.13541,0.03744,0
outer,85.9,8.9333,-0.39692,1.13557,0.03697,0
outer,85.95,8.942,-0.39504,1.13565,0.03765,0
outer,86.05,8.9494,-0.39132,1.13583,0.0371,0
outer,86.1,8.9581,-0.38946,1.13591,0.03711,0
outer,86.2,8.9662,-0.38578,1.13609,0.03689,0
outer,86.25,8.9749,-0.38394,1.13618,0.03697,0
outer,86.4,8.9925,-0.3785,1.13636,0.03604,0
outer,86.55,9.0004,-0.37317,1.13649,0.03603,0
outer,86.6,9.0084,-0.37131,1.13653,0.03715,0
outer,86.7,9.0172,-0.36752,1.13664,0.03829,0
outer,86.75,9.0255,-0.36559,1.13671,0.03861,0
outer,86.8,9.0419,-0.36164,1.13683,0.03982,0
outer,86.95,9.0574,-0.35572,1.13701,0.03948,0
outer,87.1,9.0652,-0.35182,1.13712,0.03879,0
outer,87.15,9.0749,-0.34992,1.13716,0.03786,0
outer,87.25,9.0822,-0.34614,1.13723,0.03789,0
outer,87.3,9.092,-0.34427,1.13726,0.03735,0
outer,87.4,9.0985,-0.34058,1.13732,0.03699,0
outer,87.45,9.1082,-0.33875,1.13734,0.03662,0
outer,87.6,9.1163,-0.33318,1.13746,0.03681,0
outer,87.65,9.1254,-0.33132,1.1375,0.03712,0
outer,87.75,9.1323,-0.32757,1.13761,0.0374,0
outer,87.8,9.1406,-0.32566,1.13768,0.03831,0
outer,87.85,9.1494,-0.32377,1.1377,0.03783,0
outer,87.95,9.1571,-0.32002,1.13777,0.03723,0
outer,88.0,9.1652,-0.3182,1.1378,0.03645,0
outer,88.1,9.1738,-0.31457,1.13784,0.03646,0
outer,88.15,9.1823,-0.31272,1.13785,0.03703,0
outer,88.25,9.1904,-0.30894,1.13793,0.03801,0
outer,88.3,9.1986,-0.30701,1.13798,0.03864,0
outer,88.4,9.207,-0.30305,1.13807,0.03967,0
outer,88.45,9.2157,-0.30106,1.13812,0.03992,0
outer,88.55,9.2307,-0.29704,1.13823,0.03996,0
outer,88.6,9.2439,-0.29504,1.13828,0.03979,0
outer,88.75,9.2523,-0.28917,1.13842,0.03884,0
outer,88.8,9.2602,-0.28724,1.13845,0.03857,0
outer,88.9,9.2683,-0.28342,1.13851,0.03832,0
outer,88.95,9.2769,-0.28153,1.13852,0.03779,0
outer,89.05,9.2845,-0.2778,1.13855,0.0376,0
outer,89.1,9.2922,-0.27593,1.13855,0.03737,0
outer,89.2,9.2995,-0.27217,1.13863,0.03737,0
outer,89.25,9.3083,-0.27025,1.13865,0.03842,0
outer,89.35,9.3156,-0.26642,1.13874,0.03795,0
outer,89.4,9.3262,-0.26452,1.1388,0.03812,0
outer,89.55,9.3343,-0.25879,1.1389,0.0378,0
outer,89.6,9.3424,-0.25692,1.13893,0.0374,0
outer,89.7,9.3505,-0.25323,1.13897,0.03721,0
outer,89.75,9.3582,-0.25135,1.13899,0.0375,0
outer,89.85,9.367,-0.24753,1.13905,0.03847,0
outer,89.9,9.3763,-0.24557,1.13909,0.03922,0
outer,90.05,9.3854,-0.23959,1.13922,0.03999,0
outer,90.1,9.393,-0.23758,1.13927,0.04022,0
outer,90.25,9.4021,-0.23158,1.1394,0.03996,0
outer,90.3,9.41,-0.22957,1.13946,0.04016,0
outer,90.35,9.4193,-0.22755,1.13946,0.04034,0
outer,90.45,9.4265,-0.22362,1.1395,0.03924,0
outer,90.5,9.4331,-0.2217,1.1395,0.0384,0
outer,90.55,9.4404,-0.21975,1.13954,0.03894,0
outer,90.6,9.448,-0.2178,1.13958,0.03908,0
outer,90.7,9.4621,-0.21393,1.13965,0.03848,0
outer,90.75,9.4746,-0.21207,1.1397,0.03717,0
outer,90.9,9.4884,-0.20646,1.13989,0.03784,0
outer,91.0,9.5031,-0.2026,1.14002,0.03838,0
outer,91.2,9.5124,-0.19509,1.1401,0.03731,0
outer,91.25,9.52,-0.1932,1.14012,0.03798,0
outer,91.4,9.5292,-0.18738,1.14021,0.03927,0
outer,91.45,9.5381,-0.18541,1.14024,0.03943,0
outer,91.55,9.5453,-0.18146,1.1403,0.03943,0
outer,91.6,9.554,-0.17947,1.14033,0.03988,0
outer,91.7,9.5678,-0.17551,1.14038,0.03927,0
outer,91.8,9.5761,-0.17163,1.1404,0.03864,0
outer,91.85,9.5844,-0.16972,1.14042,0.03823,0
outer,91.95,9.5988,-0.16597,1.14041,0.03746,0
outer,92.05,9.6071,-0.16229,1.14037,0.0371,0
outer,92.1,9.6148,-0.16046,1.14035,0.03645,0
outer,92.2,9.6237,-0.15674,1.14036,0.03735,0
outer,92.25,9.6317,-0.15486,1.14036,0.03767,0
outer,92.35,9.646,-0.15101,1.14039,0.03877,0
outer,92.45,9.6533,-0.14718,1.14045,0.03775,0
outer,92.5,9.6612,-0.14526,1.14048,0.03846,0
outer,92.55,9.6716,-0.14334,1.14048,0.0384,0
outer,92.65,9.6859,-0.13957,1.14048,0.0375,0
outer,92.75,9.693,-0.13586,1.14047,0.03679,0
outer,92.8,9.7003,-0.13399,1.14046,0.03742,0
outer,92.9,9.7091,-0.13017,1.14049,0.03844,0
outer,92.95,9.7169,-0.12821,1.14051,0.03912,0
outer,93.0,9.7241,-0.12626,1.14052,0.03909,0
outer,93.05,9.7318,-0.12423,1.14055,0.04059,0
outer,93.15,9.7405,-0.12024,1.1406,0.03999,0
outer,93.2,9.7484,-0.11824,1.14063,0.03995,0
outer,93.3,9.7571,-0.11427,1.14067,0.03974,0
outer,93.35,9.7656,-0.11228,1.14071,0.03986,0
outer,93.4,9.7735,-0.11026,1.14074,0.04036,0
outer,93.45,9.7817,-0.10829,1.14073,0.03944,0
outer,93.55,9.7907,-0.10439,1.14075,0.03894,0
outer,93.6,9.7985,-0.10248,1.14076,0.03814,0
outer,93.7,9.8071,-0.09864,1.14081,0.03824,0
outer,93.75,9.8158,-0.09668,1.14084,0.03918,0
outer,93.8,9.8237,-0.09476,1.14087,0.03854,0
outer,93.85,9.8321,-0.09285,1.14091,0.03813,0
outer,93.95,9.8406,-0.08908,1.14098,0.03755,0
outer,94.0,9.8485,-0.08721,1.14103,0.03756,0
outer,94.1,9.8574,-0.08339,1.14109,0.03829,0
outer,94.15,9.8651,-0.08149,1.1411,0.03787,0
outer,94.25,9.8741,-0.07777,1.14111,0.03739,0
outer,94.3,9.8823,-0.07587,1.14111,0.03797,0
outer,94.4,9.8907,-0.07201,1.14116,0.03888,0
outer,94.45,9.8984,-0.07004,1.14118,0.03942,0
outer,94.55,9.9072,-0.06606,1.14121,0.03987,0
outer,94.6,9.9147,-0.06407,1.14125,0.03976,0
outer,94.7,9.9238,-0.0601,1.14129,0.0396,0
outer,94.75,9.9323,-0.05809,1.14132,0.04004,0
outer,94.85,9.9406,-0.05413,1.14136,0.03911,0
outer,94.9,9.9485,-0.05218,1.14136,0.03907,0
outer,95.0,9.9574,-0.04832,1.14138,0.03889,0
outer,95.05,9.965,-0.04642,1.14138,0.03807,0
outer,95.15,9.9742,-0.04269,1.14137,0.03729,0
outer,95.2,9.982,-0.04083,1.14134,0.03726,0
outer,95.3,9.9908,-0.03704,1.14134,0.03787,0
outer,95.35,9.9987,-0.03513,1.14134,0.03816,0
outer,95.45,10.0075,-0.0313,1.14138,0.03827,0
outer,95.5,10.0156,-0.02936,1.14139,0.03884,0
outer,95.55,10.024,-0.0274,1.14141,0.03918,0
outer,95.6,10.0319,-0.02546,1.14141,0.03881,0
outer,95.7,10.0407,-0.02163,1.1414,0.0382,0
outer,95.75,10.0489,-0.01974,1.14137,0.03768,1
outer,95.85,10.0571,-0.01604,1.14134,0.03693,1
outer,95.9,10.0652,-0.0157,1.14124,0.00703,1
outer,95.95,10.074,-0.01568,1.14121,0.00081,1
outer,96.0,10.0827,-0.01441,1.14122,0.02527,1
outer,96.1,10.094,-0.01399,1.14127,0.00074,1
outer,96.15,10.1006,-0.01398,1.1413,0.00058,1
outer,96.2,10.1083,-0.01398,1.14132,0.00042,1
outer,96.35,10.1175,-0.01395,1.14132,0.0005,1
outer,96.4,10.1268,-0.01397,1.14131,0.00041,1
outer,96.55,10.1355,-0.01397,1.14131,0.00031,1
outer,96.6,10.1434,-0.01398,1.14131,0.00011,1
outer,96.7,10.1549,-0.01397,1.14131,0.00017,1
outer,96.8,10.168,-0.01397,1.14131,5e-05,1
outer,96.9,10.1756,-0.01398,1.14132,0.00015,1
outer,96.95,10.183,-0.01397,1.14131,0.00014,1
outer,97.0,10.1939,-0.01398,1.14131,0.00018,1
outer,97.1,10.202,-0.01397,1.14131,4e-05,1
outer,97.15,10.211,-0.01397,1.14131,3e-05,1
outer,97.3,10.2194,-0.01397,1.14131,0.00016,1
outer,97.35,10.2277,-0.01397,1.14131,5e-05,1
outer,97.45,10.2354,-0.01397,1.14131,4e-05,1
outer,97.5,10.2432,-0.01398,1.14131,0.00012,1
outer,97.6,10.2505,-0.01397,1.14131,0.00013,1
outer,97.65,10.2581,-0.01397,1.14131,3e-05,1
outer,97.75,10.2661,-0.01398,1.14131,0.00021,1
outer,97.8,10.2743,-0.01398,1.14131,0.00015,1
outer,97.9,10.2873,-0.01397,1.14131,0.00017,1
outer,98.05,10.2962,-0.01397,1.14131,9e-05,1
outer,98.1,10.3049,-0.01397,1.14131,0.0001,1
outer,98.25,10.3145,-0.01398,1.14131,0.00011,1
outer,98.3,10.3252,-0.01398,1.14131,7e-05,1
outer,98.45,10.3357,-0.01397,1.14131,5e-05,1
outer,98.5,10.3435,-0.01397,1.14131,0.00011,1
outer,98.6,10.3513,-0.01397,1.14131,4e-05,1
outer,98.65,10.36,-0.01397,1.14132,0.00011,1
outer,98.75,10.3673,-0.01397,1.14131,4e-05,1
outer,98.8,10.3749,-0.01397,1.14131,5e-05,1
outer,98.95,10.3855,-0.01397,1.14131,5e-05,1
outer,99.0,10.3933,-0.01397,1.14131,6e-05,1
outer,99.1,10.4014,-0.01397,1.14131,9e-05,1
outer,99.15,10.4107,-0.01397,1.14131,7e-05,1
outer,99.25,10.4248,-0.01397,1.14131,7e-05,1
outer,99.35,10.4346,-0.01397,1.14132,0.00018,1
outer,99.4,10.4426,-0.01397,1.14131,0.00015,1
outer,99.5,10.4502,-0.01397,1.14131,2e-05,1
outer,99.55,10.4595,-0.01397,1.14131,3e-05,1
outer,99.65,10.4667,-0.01397,1.14131,0.00016,1
outer,99.7,10.4747,-0.01397,1.14131,2e-05,1
outer,99.85,10.4834,-0.01397,1.14131,6e-05,1
outer,99.9,10.4916,-0.01397,1.14131,0.0001,1
outer,100.0,10.4993,-0.01397,1.14131,0.00011,1
outer,100.05,10.5091,-0.01397,1.14131,0.00011,1
outer,100.15,10.5211,-0.01397,1.14131,2e-05,1
outer,100.3,10.5304,-0.01397,1.14131,2e-05,1
outer,100.35,10.5385,-0.01397,1.14131,4e-05,1
outer,100.45,10.5465,-0.01397,1.14131,6e-05,1
outer,100.5,10.5555,-0.01397,1.14131,0.00014,1
outer,100.6,10.5629,-0.01397,1.14131,7e-05,1
outer,100.65,10.5711,-0.01397,1.14131,5e-05,1
outer,100.75,10.5774,-0.01397,1.14131,6e-05,1
outer,100.8,10.5853,-0.01397,1.14131,5e-05,0
outer,100.9,10.5987,-0.01396,1.14126,0.00099,0
outer,101.0,10.6071,-0.01143,1.1413,0.02232,0
outer,101.05,10.6149,-0.01015,1.14132,0.02561,0
outer,101.15,10.628,-0.00807,1.14136,0.02426,0
outer,101.25,10.6428,-0.00475,1.14138,0.0358,0
outer,101.4,10.6516,0.00116,1.14141,0.03983,0
outer,101.45,10.6595,0.00315,1.14142,0.03961,0
outer,101.6,10.6684,0.00907,1.14145,0.03962,0
outer,101.65,10.677,0.01107,1.14148,0.03999,0
outer,101.75,10.6929,0.01503,1.1415,0.03891,0
outer,101.85,10.6995,0.01892,1.14156,0.03855,0
outer,101.9,10.7081,0.02085,1.14159,0.03873,0
outer,102.0,10.7217,0.02468,1.14167,0.03838,0
outer,102.1,10.7341,0.02841,1.14174,0.03744,0
outer,102.15,10.7409,0.0303,1.14176,0.03786,0
outer,102.2,10.7492,0.03218,1.14179,0.03759,0
outer,102.3,10.7576,0.03592,1.1418,0.03769,0
outer,102.35,10.7657,0.0378,1.14179,0.03752,0
outer,102.4,10.7742,0.03965,1.14179,0.037,0
outer,102.45,10.7819,0.04152,1.14178,0.03744,0
outer,102.55,10.7907,0.04531,1.14179,0.03843,0
outer,102.6,10.7983,0.04725,1.1418,0.03879,0
outer,102.7,10.8075,0.05119,1.14182,0.03957,0
outer,102.75,10.815,0.05319,1.14183,0.03991,0
outer,102.8,10.824,0.05517,1.14184,0.03965,0
outer,102.85,10.8318,0.05717,1.14185,0.04001,0
outer,102.95,10.8408,0.06115,1.14188,0.03966,0
outer,103.0,10.8486,0.06312,1.14189,0.03942,0
outer,103.1,10.8576,0.06705,1.14191,0.03909,0
outer,103.15,10.8654,0.06899,1.14191,0.03862,0
outer,103.25,10.8742,0.07279,1.14191,0.03806,0
outer,103.3,10.8821,0.07468,1.14188,0.03782,0
outer,103.4,10.8907,0.07839,1.14184,0.03746,0
outer,103.45,10.8987,0.08024,1.14181,0.03699,0
outer,103.55,10.9116,0.08403,1.14177,0.03802,0
outer,103.65,10.9262,0.08784,1.14177,0.03894,0
outer,103.85,10.936,0.09563,1.14178,0.03863,0
outer,103.9,10.9441,0.09753,1.1418,0.038,0
outer,104.0,10.9516,0.10135,1.1418,0.03802,0
outer,104.05,10.9592,0.10325,1.14175,0.03797,0
outer,104.15,10.9732,0.10705,1.14172,0.03806,0
outer,104.3,10.9864,0.11292,1.14176,0.03944,0
outer,104.4,10.9996,0.1169,1.14181,0.03979,0
outer,104.45,11.0074,0.11888,1.14182,0.0396,0
outer,104.5,11.0159,0.12086,1.14185,0.03965,0
outer,104.55,11.0236,0.12285,1.14187,0.03976,0
outer,104.6,11.031,0.12478,1.14187,0.03857,0
outer,104.7,11.0408,0.12865,1.14187,0.03878,0
outer,104.75,11.0478,0.13057,1.14186,0.03832,0
outer,104.85,11.0618,0.13438,1.14183,0.03794,0
outer,104.95,11.07,0.13824,1.14184,0.03868,0
outer,105.0,11.0785,0.14017,1.14185,0.03866,0
outer,105.05,11.0879,0.14212,1.14189,0.03884,0
outer,105.15,11.0971,0.14596,1.14193,0.0378,0
outer,105.2,11.1062,0.14787,1.14197,0.03831,0
outer,105.35,11.1201,0.15362,1.142,0.03805,0
outer,105.45,11.1331,0.15737,1.142,0.0374,0
outer,105.55,11.1426,0.16105,1.14196,0.03709,0
outer,105.6,11.1515,0.16293,1.14195,0.03745,0
outer,105.7,11.1594,0.16674,1.14194,0.03836,0
outer,105.75,11.1669,0.16868,1.14193,0.0388,0
outer,105.8,11.1737,0.17063,1.14194,0.0389,0
outer,105.85,11.1814,0.17261,1.14195,0.03978,0
outer,105.9,11.1976,0.17461,1.14196,0.03977,0
outer,106.0,11.2044,0.17857,1.14197,0.03958,0
outer,106.05,11.212,0.18057,1.14199,0.03995,0
outer,106.15,11.2194,0.18455,1.142,0.03961,0
outer,106.2,11.2274,0.18648,1.14199,0.03868,0
outer,106.3,11.2427,0.19032,1.14195,0.03783,0
outer,106.4,11.2527,0.19412,1.1419,0.0378,0
outer,106.5,11.262,0.19794,1.14188,0.03856,0
outer,106.55,11.2703,0.19987,1.14189,0.03858,0
outer,106.7,11.2869,0.20569,1.14193,0.03862,0
outer,106.8,11.2999,0.20946,1.14198,0.03778,0
outer,106.85,11.3075,0.21139,1.142,0.03846,0
outer,106.9,11.3151,0.21329,1.14199,0.03807,0
outer,107.0,11.3281,0.21706,1.14198,0.0374,0
outer,107.1,11.3355,0.22074,1.14195,0.03699,0
outer,107.15,11.3433,0.22264,1.14193,0.03802,0
outer,107.25,11.3514,0.22653,1.1419,0.03899,0
outer,107.3,11.3593,0.22851,1.1419,0.03966,0
outer,107.4,11.3665,0.23247,1.14191,0.03967,0
outer,107.45,11.3756,0.23446,1.14192,0.03986,0
outer,107.55,11.3905,0.23843,1.14194,0.04002,0
outer,107.7,11.3993,0.2444,1.14197,0.03951,0
outer,107.75,11.4086,0.24634,1.14198,0.03885,0
outer,107.85,11.4258,0.25024,1.14198,0.03835,0
outer,108.05,11.4344,0.25782,1.14193,0.03817,0
outer,108.1,11.4425,0.25974,1.14189,0.03834,0
outer,108.2,11.4503,0.26359,1.14185,0.03831,0
outer,108.25,11.4581,0.26553,1.14183,0.03872,0
outer,108.3,11.4644,0.26745,1.14184,0.03835,0
outer,108.4,11.4748,0.27138,1.14187,0.03971,0
outer,108.5,11.4822,0.27526,1.14187,0.03892,0
outer,108.55,11.4918,0.27717,1.14186,0.03818,0
outer,108.65,11.4992,0.28101,1.14186,0.03851,0
outer,108.7,11.5079,0.28292,1.14184,0.03824,0
outer,108.8,11.5162,0.2868,1.14186,0.03879,0
outer,108.9,11.5281,0.29073,1.14189,0.03931,0
outer,109.0,11.5362,0.29468,1.14193,0.03946,0
outer,109.05,11.544,0.29666,1.14195,0.03947,0
outer,109.15,11.5521,0.3006,1.14198,0.03954,0
outer,109.2,11.5601,0.3026,1.142,0.04,0
outer,109.35,11.5693,0.3085,1.14204,0.03914,0
outer,109.4,11.5784,0.31043,1.14204,0.03848,0
outer,109.55,11.5875,0.3162,1.14203,0.03881,0
outer,109.6,11.5956,0.31812,1.14203,0.03836,0
outer,109.7,11.6034,0.32196,1.14204,0.03819,0
outer,109.75,11.6111,0.32389,1.14207,0.03862,0
outer,109.8,11.6256,0.32579,1.14208,0.03828,0
outer,109.95,11.6334,0.33155,1.14211,0.03886,0
outer,110.0,11.6417,0.33344,1.1421,0.03783,0
outer,110.05,11.6492,0.33531,1.14209,0.03743,0
outer,110.1,11.6604,0.33719,1.14207,0.03752,0
outer,110.25,11.6685,0.34293,1.14208,0.03852,0
outer,110.3,11.6774,0.34491,1.14209,0.03964,0
outer,110.45,11.6854,0.35083,1.14213,0.03948,0
outer,110.5,11.6935,0.3528,1.14213,0.0394,0
outer,110.65,11.7023,0.35874,1.14218,0.03927,0
outer,110.7,11.7099,0.36075,1.1422,0.04013,0
outer,110.8,11.7181,0.36474,1.14222,0.03967,0
outer,110.85,11.7264,0.3667,1.14221,0.03917,0
outer,111.0,11.7417,0.37245,1.14217,0.03804,0
outer,111.1,11.7492,0.3763,1.14218,0.03843,0
outer,111.15,11.7578,0.37825,1.14219,0.03898,0
outer,111.2,11.7738,0.38211,1.14223,0.03889,0
outer,111.35,11.7811,0.38586,1.14226,0.0376,0
outer,111.4,11.7918,0.38775,1.14229,0.03779,0
outer,111.55,11.8003,0.39347,1.1423,0.03843,0
outer,111.6,11.8089,0.39539,1.14229,0.03848,0
outer,111.7,11.8164,0.39917,1.14227,0.03771,0
outer,111.75,11.8245,0.40108,1.14224,0.03824,0
outer,111.8,11.8371,0.40495,1.14223,0.03914,0
outer,111.95,11.8451,0.4089,1.14222,0.03959,0
outer,112.0,11.8529,0.4109,1.14221,0.04,0
outer,112.1,11.867,0.41488,1.14221,0.03977,0
outer,112.15,11.8739,0.41686,1.14221,0.03964,0
outer,112.2,11.8813,0.41885,1.14222,0.03972,0
outer,112.3,11.8904,0.42276,1.14221,0.03907,0
outer,112.35,11.8985,0.42468,1.14219,0.03846,0
outer,112.45,11.9074,0.4285,1.14215,0.03801,0
outer,112.5,11.9156,0.43038,1.14211,0.03764,0
outer,112.6,11.9237,0.43413,1.14206,0.03734,0
outer,112.65,11.9315,0.43599,1.14203,0.03726,0
outer,112.75,11.9408,0.43979,1.142,0.03805,0
outer,112.8,11.9487,0.44172,1.142,0.03873,0
outer,112.9,11.9575,0.44557,1.14201,0.03817,0
outer,112.95,11.9659,0.44754,1.14203,0.03926,0
outer,113.05,11.974,0.45145,1.14203,0.03897,0
outer,113.1,11.9815,0.45339,1.14202,0.03867,0
outer,113.2,11.9904,0.4572,1.14199,0.03809,0
outer,113.25,11.9983,0.4591,1.14198,0.03804,0
outer,113.35,12.0072,0.46299,1.142,0.03912,0
outer,113.4,12.0157,0.46495,1.142,0.03921,0
outer,113.45,12.0301,0.46893,1.14202,0.03955,0
outer,113.6,12.0406,0.47288,1.14206,0.0394,0
outer,113.65,12.0485,0.47486,1.14208,0.03961,0
outer,113.75,12.0574,0.47879,1.14211,0.03927,0
outer,113.8,12.0654,0.48075,1.14213,0.03907,0
outer,113.85,12.074,0.48273,1.14214,0.03959,0
outer,113.9,12.0814,0.48465,1.14213,0.03852,0
outer,114.0,12.09,0.48845,1.14211,0.03811,0
outer,114.05,12.0975,0.49036,1.1421,0.03806,0
outer,114.15,12.1082,0.49418,1.14211,0.03815,0
outer,114.25,12.1168,0.49806,1.14216,0.03847,0
outer,114.35,12.1311,0.50185,1.1422,0.0381,0
outer,114.5,12.1408,0.50749,1.14227,0.03718,0
outer,114.55,12.1491,0.50936,1.1423,0.03734,0
outer,114.65,12.1576,0.51315,1.14232,0.03815,0
outer,114.7,12.1659,0.51505,1.1423,0.0379,0
outer,114.8,12.174,0.51876,1.14227,0.03697,0
outer,114.85,12.1818,0.52067,1.14226,0.03823,0
outer,114.95,12.1906,0.5246,1.14223,0.03945,0
outer,115.0,12.1986,0.52658,1.1422,0.03975,0
outer,115.1,12.2072,0.53049,1.14218,0.03922,0
outer,115.15,12.2162,0.53245,1.14216,0.03907,0
outer,115.25,12.224,0.53635,1.14211,0.03904,0
outer,115.3,12.2316,0.53827,1.14208,0.03852,0
outer,115.4,12.2407,0.54211,1.142,0.03839,0
outer,115.45,12.2488,0.544,1.14196,0.03778,0
outer,115.55,12.2624,0.54771,1.14185,0.03687,0
outer,115.7,12.2705,0.55325,1.14175,0.03656,0
outer,115.75,12.2781,0.55509,1.14173,0.03677,0
outer,115.85,12.2854,0.55876,1.14168,0.03659,0
outer,115.9,12.2934,0.5606,1.14166,0.03681,0
outer,115.95,12.3002,0.56243,1.14163,0.03667,0
outer,116.0,12.3091,0.56427,1.14161,0.03668,0
outer,116.15,12.3174,0.56973,1.14149,0.03621,0
outer,116.2,12.3255,0.57154,1.14142,0.0364,0
outer,116.25,12.3403,0.5733,1.14135,0.03545,0
outer,116.4,12.3482,0.57864,1.14127,0.03593,0
outer,116.45,12.3599,0.58047,1.14116,0.03666,0
outer,116.6,12.3672,0.58619,1.14092,0.03842,0
outer,116.65,12.3754,0.58808,1.14084,0.03798,0
outer,116.75,12.3832,0.59179,1.14063,0.03702,0
outer,116.8,12.3912,0.5936,1.14058,0.03633,0
outer,116.9,12.4059,0.59719,1.14049,0.03546,0
outer,117.05,12.4143,0.60231,1.14017,0.03443,0
outer,117.1,12.4253,0.60402,1.14009,0.03426,0
outer,117.2,12.4383,0.60733,1.1398,0.03309,0
outer,117.35,12.4464,0.61212,1.13929,0.03263,0
outer,117.4,12.4541,0.61373,1.13913,0.03233,0
outer,117.5,12.466,0.61693,1.13876,0.03227,0
outer,117.6,12.474,0.62009,1.13843,0.03175,0
outer,117.65,12.4811,0.6217,1.13827,0.03231,0
outer,117.75,12.4906,0.62491,1.13795,0.03219,0
outer,117.8,12.4985,0.62652,1.13785,0.03236,0
outer,117.85,12.5072,0.62815,1.13772,0.03262,0
outer,117.9,12.5142,0.6298,1.13759,0.0331,0
outer,118.0,12.5245,0.63295,1.13724,0.03144,0
outer,118.05,12.532,0.63449,1.13706,0.03091,0
outer,118.15,12.5406,0.63749,1.13667,0.03047,0
outer,118.2,12.5489,0.63901,1.13648,0.03065,0
outer,118.3,12.5572,0.64201,1.13603,0.03052,0
outer,118.35,12.565,0.64354,1.1358,0.031,0
outer,118.4,12.5738,0.64507,1.13557,0.03105,0
outer,118.45,12.5814,0.64664,1.13532,0.03176,0
outer,118.55,12.5907,0.64981,1.13486,0.03208,0
outer,118.6,12.5991,0.65141,1.13461,0.03246,0
outer,118.7,12.6072,0.65462,1.1341,0.03259,0
outer,118.75,12.615,0.65622,1.13385,0.03226,0
outer,118.85,12.6239,0.6594,1.13333,0.03226,0
outer,118.9,12.6315,0.66098,1.13307,0.03202,0
outer,119.0,12.6405,0.66411,1.13253,0.03194,0
outer,119.05,12.6494,0.66568,1.13226,0.0318,0
outer,119.2,12.6588,0.67037,1.13143,0.03202,0
outer,119.25,12.6665,0.67193,1.13115,0.03164,0
outer,119.3,12.6742,0.67345,1.13087,0.03098,0
outer,119.35,12.682,0.675,1.13058,0.03147,0
outer,119.45,12.6906,0.67809,1.12999,0.03136,0
outer,119.5,12.6986,0.67965,1.12968,0.03194,0
outer,119.55,12.7072,0.68121,1.12939,0.03171,0
outer,119.6,12.7147,0.68275,1.12908,0.03137,0
outer,119.7,12.7235,0.68594,1.12853,0.03185,0
outer,119.75,12.7313,0.68752,1.12824,0.03211,0
outer,119.85,12.7406,0.69071,1.12768,0.03197,0
outer,119.9,12.7492,0.69227,1.12747,0.03142,0
outer,120.0,12.7573,0.69543,1.12696,0.03263,0
outer,120.05,12.7657,0.69703,1.12669,0.03239,0
outer,120.1,12.7739,0.69857,1.1264,0.03139,0
outer,120.15,12.7818,0.70008,1.12608,0.03085,0
outer,120.25,12.7907,0.70297,1.12544,0.02962,0
outer,120.3,12.7986,0.70441,1.12516,0.02927,0
outer,120.4,12.8072,0.70733,1.12456,0.03013,0
outer,120.45,12.815,0.70879,1.12426,0.0298,0
outer,120.5,12.824,0.71021,1.12394,0.02926,0
outer,120.55,12.8315,0.71161,1.1236,0.02877,0
outer,120.65,12.8406,0.71438,1.12291,0.02881,0
outer,120.7,12.8491,0.71576,1.12257,0.02848,0
outer,120.8,12.8576,0.71854,1.12184,0.02889,0
outer,120.85,12.8653,0.71996,1.12146,0.0295,0
outer,120.9,12.8756,0.72138,1.12109,0.02934,0
outer,120.95,12.8832,0.7228,1.12071,0.02941,0
outer,121.0,12.8905,0.72421,1.12032,0.02926,0
outer,121.05,12.8985,0.72562,1.11995,0.02924,0
outer,121.15,12.9071,0.7285,1.11916,0.02989,0
outer,121.2,12.9151,0.72994,1.11876,0.02991,0
outer,121.3,12.9238,0.73281,1.11798,0.02973,0
outer,121.35,12.9318,0.73424,1.11757,0.02977,0
outer,121.45,12.9461,0.73707,1.11676,0.02942,0
outer,121.6,12.9605,0.74126,1.11549,0.02932,0
outer,121.7,12.9685,0.74402,1.11463,0.02901,0
outer,121.75,12.976,0.74542,1.11419,0.02946,0
outer,121.8,12.9852,0.74684,1.11375,0.02974,0
outer,121.9,12.9929,0.74973,1.11286,0.02985,0
outer,121.95,12.9996,0.75116,1.11241,0.02985,0
outer,122.0,13.0073,0.75265,1.11201,0.0309,0
outer,122.05,13.0154,0.7541,1.11153,0.03067,0
outer,122.15,13.0281,0.75704,1.11073,0.03029,0
outer,122.25,13.0355,0.75996,1.10997,0.03038,0
outer,122.3,13.0432,0.76141,1.10958,0.03007,0
outer,122.4,13.0503,0.76417,1.10872,0.02905,0
outer,122.45,13.0582,0.76554,1.1083,0.02862,0
outer,122.55,13.0664,0.76825,1.10747,0.02865,0
outer,122.6,13.0756,0.76962,1.10705,0.02867,0
outer,122.75,13.0844,0.77364,1.10567,0.0289,0
outer,122.8,13.0925,0.77497,1.10517,0.02851,0
outer,122.9,13.1003,0.77752,1.10425,0.02692,0
outer,122.95,13.1082,0.77877,1.10381,0.02649,0
outer,123.1,13.1226,0.78257,1.10241,0.02727,0
outer,123.2,13.1362,0.78508,1.10143,0.02698,0
outer,123.4,13.1455,0.79009,1.09939,0.0273,0
outer,123.45,13.1535,0.79135,1.09886,0.02721,0
outer,123.55,13.1615,0.79385,1.09782,0.02712,0
outer,123.6,13.1699,0.79512,1.0973,0.02729,0
outer,123.7,13.1777,0.79764,1.09623,0.02754,0
outer,123.75,13.1853,0.79892,1.09567,0.02792,0
outer,123.85,13.1928,0.80147,1.09457,0.02778,0
outer,123.9,13.2005,0.80276,1.09401,0.02816,0
outer,123.95,13.2073,0.80405,1.09344,0.02828,0
outer,124.0,13.2158,0.80536,1.09285,0.02856,0
outer,124.05,13.224,0.80668,1.09227,0.02891,0
outer,124.1,13.232,0.80797,1.09168,0.02841,0
outer,124.2,13.2409,0.81062,1.09052,0.02885,0
outer,124.25,13.2485,0.81189,1.08993,0.02806,0
outer,124.35,13.2575,0.81454,1.08874,0.02902,0
outer,124.4,13.2664,0.81583,1.08811,0.02875,0
outer,124.45,13.274,0.81711,1.08748,0.02853,0
outer,124.5,13.2817,0.8184,1.08683,0.02899,0
outer,124.6,13.2907,0.82112,1.08566,0.02909,0
outer,124.65,13.2984,0.82245,1.08507,0.02916,0
outer,124.75,13.3074,0.82506,1.08393,0.02864,0
outer,124.8,13.316,0.82636,1.08335,0.02851,0
outer,124.85,13.3237,0.82761,1.08277,0.02757,0
outer,124.9,13.3312,0.82884,1.08221,0.02697,0
outer,125.0,13.3409,0.83131,1.08104,0.02787,0
outer,125.05,13.3485,0.83259,1.08043,0.02845,0
outer,125.15,13.3575,0.83507,1.07921,0.02751,0
outer,125.2,13.3662,0.83627,1.07861,0.02687,0
outer,125.3,13.3739,0.83868,1.0774,0.0272,0
outer,125.35,13.3816,0.83987,1.07679,0.02691,0
outer,125.45,13.3906,0.84219,1.07556,0.02642,0
outer,125.5,13.3988,0.84338,1.07497,0.02663,0
outer,125.6,13.4074,0.84584,1.07372,0.02766,0
outer,125.65,13.4154,0.84706,1.07309,0.02765,0
outer,125.75,13.4238,0.84952,1.07182,0.02748,0
outer,125.8,13.4315,0.85074,1.07117,0.02773,0
outer,125.9,13.4405,0.85316,1.06988,0.02756,0
outer,125.95,13.4487,0.85436,1.06921,0.0274,0
outer,126.05,13.4574,0.85674,1.0679,0.02724,0
outer,126.15,13.4691,0.85905,1.06658,0.02645,0
outer,126.25,13.4827,0.86134,1.06524,0.0266,0
outer,126.35,13.4904,0.86361,1.06388,0.0267,0
outer,126.4,13.4988,0.86476,1.06319,0.02678,0
outer,126.5,13.5072,0.86713,1.06182,0.02769,0
outer,126.55,13.5158,0.86832,1.0611,0.02772,0
outer,126.6,13.5234,0.8695,1.0604,0.02747,0
outer,126.65,13.5309,0.87068,1.05968,0.02759,0
outer,126.75,13.5405,0.87302,1.05825,0.02734,0
outer,126.8,13.5479,0.87418,1.05753,0.02728,0
outer,126.9,13.562,0.8765,1.05603,0.02738,0
outer,127.0,13.5756,0.87982,1.05382,0.02682,0
outer,127.1,13.586,0.88102,1.0531,0.02795,0
outer,127.2,13.5936,0.88337,1.05167,0.02778,0
outer,127.25,13.602,0.88454,1.05098,0.02723,0
outer,127.35,13.6158,0.88686,1.04958,0.02706,0
outer,127.4,13.6239,0.88799,1.04886,0.02681,0
outer,127.45,13.6316,0.88911,1.04813,0.02676,0
outer,127.5,13.6407,0.89019,1.04741,0.02589,0
outer,127.55,13.6487,0.89128,1.04668,0.02632,0
outer,127.65,13.6575,0.89357,1.04516,0.02779,0
outer,127.7,13.6656,0.89473,1.04442,0.02755,0
outer,127.8,13.6742,0.89706,1.0429,0.02785,0
outer,127.85,13.682,0.89823,1.04217,0.02772,0
outer,127.95,13.6907,0.90048,1.04066,0.02693,0
outer,128.0,13.6994,0.90156,1.03995,0.02597,0
outer,128.1,13.7072,0.90369,1.03847,0.02636,0
outer,128.15,13.7153,0.90475,1.03772,0.02604,0
outer,128.25,13.724,0.90683,1.03621,0.02595,0
outer,128.3,13.7314,0.90786,1.03545,0.02551,0
outer,128.4,13.7407,0.90989,1.03391,0.02552,0
outer,128.45,13.7488,0.91092,1.03313,0.02579,0
outer,128.5,13.7572,0.91195,1.03237,0.02571,0
outer,128.55,13.7647,0.913,1.03158,0.02632,0
outer,128.65,13.7743,0.91509,1.02999,0.0261,0
outer,128.7,13.7819,0.91612,1.02919,0.02607,0
outer,128.8,13.7907,0.91819,1.02756,0.02622,0
outer,128.85,13.7986,0.91922,1.02676,0.02624,0
outer,128.95,13.8073,0.92133,1.02513,0.0268,0
outer,129.0,13.815,0.92242,1.0243,0.02753,0
outer,129.05,13.8238,0.92353,1.02348,0.0275,0
outer,129.1,13.8313,0.92461,1.02264,0.02746,0
outer,129.2,13.8447,0.92669,1.02094,0.02671,0
outer,129.35,13.8533,0.92976,1.01845,0.02637,0
outer,129.4,13.8614,0.93078,1.01759,0.02656,0
outer,129.5,13.8695,0.93285,1.01589,0.02676,0
outer,129.55,13.8766,0.93386,1.01505,0.02629,0
outer,129.65,13.8845,0.93602,1.01329,0.02774,0
outer,129.7,13.8933,0.93712,1.01243,0.02798,0
outer,129.75,13.9032,0.93824,1.01154,0.02867,0
outer,129.85,13.9114,0.94035,1.0098,0.02724,0
outer,129.9,13.9196,0.94138,1.00897,0.02647,0
outer,130.0,13.9274,0.94334,1.0073,0.02612,0
outer,130.05,13.9359,0.94434,1.0065,0.02568,0
outer,130.15,13.9495,0.9463,1.00483,0.02592,0
outer,130.25,13.9571,0.94825,1.00314,0.02567,0
outer,130.3,13.9646,0.94919,1.0023,0.02526,0
outer,130.4,13.978,0.95103,1.0006,0.02474,0
outer,130.55,13.9874,0.95371,0.99807,0.02539,0
outer,130.6,13.9956,0.95465,0.99725,0.025,0
outer,130.7,14.0035,0.95658,0.99555,0.02581,0
outer,130.75,14.0108,0.95754,0.99469,0.02586,0
outer,130.85,14.0185,0.95945,0.99294,0.02563,0
outer,130.9,14.0271,0.96041,0.99207,0.02588,0
outer,131.0,14.0412,0.96225,0.99034,0.02538,0
outer,131.1,14.0483,0.96408,0.98858,0.02529,0
outer,131.15,14.0576,0.96498,0.9877,0.02519,0
outer,131.25,14.0653,0.96674,0.98595,0.02489,0
outer,131.3,14.0766,0.96762,0.98506,0.02515,0
outer,131.4,14.0844,0.96934,0.98329,0.0247,0
outer,131.45,14.0933,0.97019,0.98239,0.02469,0
outer,131.55,14.1013,0.97187,0.98058,0.02469,0
outer,131.6,14.1094,0.97273,0.97967,0.02515,0
outer,131.75,14.1184,0.97526,0.97691,0.02458,0
outer,131.8,14.1273,0.97611,0.97598,0.02519,0
outer,131.95,14.1367,0.9787,0.97315,0.02498,0
outer,132.0,14.1443,0.97956,0.97219,0.02591,0
outer,132.1,14.1517,0.98134,0.97022,0.0263,0
outer,132.15,14.1597,0.98219,0.96926,0.0256,0
outer,132.2,14.1663,0.98308,0.96826,0.02676,0
outer,132.25,14.1761,0.984,0.96724,0.02762,0
outer,132.4,14.1846,0.98683,0.96417,0.02564,0
outer,132.45,14.1922,0.98772,0.96323,0.02598,0
outer,132.55,14.2005,0.9896,0.9613,0.02723,0
outer,132.6,14.208,0.99052,0.96028,0.02739,0
outer,132.7,14.2226,0.99226,0.95838,0.02562,0
outer,132.8,14.2325,0.99392,0.95651,0.02569,0
outer,132.9,14.2412,0.99558,0.95458,0.02499,0
outer,132.95,14.2495,0.99638,0.95367,0.02427,0
outer,133.0,14.2572,0.99717,0.95273,0.02453,0
outer,133.05,14.2658,0.99797,0.9518,0.02455,0
outer,133.1,14.2736,0.99877,0.95085,0.02483,0
outer,133.15,14.2813,0.99957,0.94993,0.02441,0
outer,133.25,14.2904,1.00104,0.94808,0.02382,0
outer,133.3,14.2982,1.00178,0.94717,0.02336,0
outer,133.4,14.3074,1.00323,0.94532,0.02388,0
outer,133.45,14.316,1.00397,0.94438,0.02402,0
outer,133.5,14.3239,1.00467,0.94344,0.02332,0
outer,133.55,14.3311,1.00537,0.9425,0.02347,0
outer,133.65,14.3405,1.00684,0.94057,0.02457,0
outer,133.7,14.348,1.00762,0.93957,0.02523,0
outer,133.8,14.3574,1.00919,0.93754,0.02546,0
outer,133.85,14.3653,1.00997,0.93652,0.02572,0
outer,133.95,14.3739,1.01145,0.9345,0.02478,0
outer,134.0,14.3811,1.01218,0.93348,0.0251,0
outer,134.1,14.3946,1.01366,0.93142,0.02573,0
outer,134.2,14.4025,1.01514,0.92935,0.02509,0
outer,134.25,14.4111,1.01589,0.9283,0.02567,0
outer,134.35,14.4186,1.01737,0.9262,0.02558,0
outer,134.4,14.426,1.0181,0.92514,0.02578,0
outer,134.45,14.4349,1.01886,0.92405,0.0266,0
outer,134.55,14.4426,1.02039,0.92188,0.02627,0
outer,134.6,14.4511,1.02113,0.92081,0.02609,0
outer,134.7,14.4644,1.02263,0.91862,0.02674,0
outer,134.8,14.4742,1.02415,0.91641,0.02642,0
outer,134.85,14.482,1.02491,0.9153,0.02684,0
outer,134.95,14.4907,1.02642,0.9131,0.02646,0
outer,135.0,14.4995,1.02716,0.91199,0.02667,0
outer,135.1,14.5073,1.02866,0.90978,0.02665,0
outer,135.15,14.5154,1.02938,0.90869,0.02621,0
outer,135.2,14.5238,1.03009,0.90754,0.027,0
outer,135.25,14.5315,1.03081,0.90634,0.02796,0
outer,135.35,14.5406,1.03243,0.90402,0.0278,0
outer,135.4,14.5486,1.03322,0.90288,0.02773,0
outer,135.5,14.5572,1.03473,0.90072,0.0267,0
outer,135.55,14.5647,1.03546,0.89963,0.02623,0
outer,135.65,14.574,1.03688,0.89748,0.02631,0
outer,135.7,14.5819,1.03759,0.89639,0.02599,0
outer,135.8,14.595,1.03897,0.89427,0.02496,0
outer,135.9,14.6025,1.04028,0.89214,0.0255,0
outer,135.95,14.6103,1.04094,0.89107,0.02516,0
outer,136.05,14.6173,1.04218,0.88899,0.02446,0
outer,136.1,14.6253,1.04279,0.88796,0.02375,0
outer,136.2,14.6383,1.0439,0.88599,0.02216,0
outer,136.3,14.65,1.04498,0.88398,0.02319,0
outer,136.4,14.6572,1.0462,0.88185,0.02501,0
outer,136.45,14.6657,1.04682,0.88075,0.02521,0
outer,136.55,14.6737,1.04805,0.87857,0.02495,0
outer,136.6,14.6823,1.04867,0.87747,0.02512,0
outer,136.7,14.6905,1.04989,0.87526,0.02526,0
outer,136.75,14.6989,1.05049,0.87416,0.02497,0
outer,136.85,14.7125,1.05167,0.87196,0.02494,0
outer,136.95,14.7194,1.05284,0.86974,0.02492,0
outer,137.0,14.7278,1.05341,0.86863,0.02502,0
outer,137.05,14.7368,1.054,0.8675,0.02555,0
outer,137.15,14.7444,1.05513,0.86526,0.02489,0
outer,137.2,14.752,1.05569,0.86414,0.02504,0
outer,137.3,14.7595,1.0568,0.86191,0.02513,0
outer,137.35,14.7679,1.05735,0.86077,0.02539,0
outer,137.4,14.777,1.05792,0.85959,0.0262,0
outer,137.5,14.7844,1.05905,0.85726,0.02577,0
outer,137.55,14.7924,1.0596,0.85612,0.02524,0
outer,137.65,14.7997,1.06069,0.85383,0.02531,0
outer,137.7,14.809,1.06124,0.85266,0.02577,0
outer,137.8,14.8188,1.06236,0.85028,0.02625,0
outer,137.85,14.8262,1.06286,0.8491,0.0258,0
outer,137.95,14.8383,1.06379,0.84673,0.02536,0
outer,138.05,14.8454,1.06495,0.84436,0.02652,0
outer,138.1,14.8545,1.06558,0.84314,0.02748,0
outer,138.15,14.8674,1.06625,0.84186,0.02813,0
outer,138.3,14.881,1.06832,0.83819,0.028,0
outer,138.4,14.8904,1.06949,0.83582,0.02637,0
outer,138.45,14.8992,1.07006,0.83468,0.02555,0
outer,138.55,14.9082,1.07117,0.83239,0.0258,0
outer,138.6,14.9168,1.07174,0.83122,0.02612,0
outer,138.7,14.9258,1.07272,0.82896,0.02434,0
outer,138.75,14.9337,1.07316,0.82785,0.02384,0
outer,138.8,14.9404,1.07358,0.82679,0.02292,0
outer,138.85,14.948,1.074,0.82579,0.02169,0
outer,138.95,14.9571,1.0748,0.82369,0.02296,0
outer,139.0,14.9645,1.07522,0.8226,0.02338,0
outer,139.1,14.9741,1.07604,0.82041,0.02368,0
outer,139.15,14.9808,1.07645,0.8193,0.02368,0
outer,139.25,14.9901,1.07725,0.81705,0.02391,0
outer,139.3,14.998,1.07766,0.81589,0.02454,0
outer,139.4,15.0073,1.07851,0.81356,0.02475,0
outer,139.45,15.0155,1.07893,0.81237,0.02524,0
outer,139.5,15.0239,1.07936,0.81117,0.0255,0
outer,139.55,15.0316,1.07978,0.80996,0.02559,0
outer,139.65,15.0405,1.08061,0.80755,0.02519,0
outer,139.7,15.0486,1.08101,0.80635,0.02545,0
outer,139.8,15.0572,1.08182,0.80392,0.02525,0
outer,139.85,15.065,1.08222,0.8027,0.02556,0
outer,139.9,15.075,1.08262,0.80145,0.02637,0
outer,140.0,15.0823,1.08344,0.79896,0.02623,0
outer,140.05,15.0924,1.08384,0.79775,0.0255,0
outer,140.2,15.1082,1.08498,0.79404,0.02622,0
outer,140.35,15.1251,1.0862,0.79016,0.0267,0
outer,140.45,15.1324,1.08699,0.78759,0.02672,0
outer,140.5,15.1422,1.08737,0.78632,0.02651,0
outer,140.6,15.1496,1.08819,0.78368,0.02763,0
outer,140.65,15.158,1.08858,0.78235,0.02782,0
outer,140.8,15.1749,1.0898,0.77826,0.02809,0
outer,140.9,15.1825,1.09063,0.77561,0.02716,0
outer,140.95,15.1924,1.09119,0.77429,0.02862,0
outer,141.05,15.1994,1.09228,0.77146,0.03087,0
outer,141.1,15.2082,1.09279,0.76999,0.0311,0
outer,141.25,15.2164,1.09409,0.76581,0.02826,0
outer,141.3,15.2249,1.09444,0.76448,0.02743,0
outer,141.4,15.2318,1.09515,0.76197,0.02605,0
outer,141.45,15.2432,1.09555,0.76074,0.02589,0
outer,141.6,15.2514,1.09671,0.75682,0.02821,0
outer,141.65,15.2596,1.09711,0.7555,0.02758,0
outer,141.75,15.2675,1.09781,0.75288,0.02725,0
outer,141.8,15.2751,1.09814,0.7516,0.02635,0
outer,141.85,15.2832,1.09846,0.75034,0.02611,0
outer,141.95,15.2972,1.09905,0.74782,0.02571,0
outer,142.05,15.3076,1.09963,0.74522,0.02681,0
outer,142.1,15.3156,1.09991,0.74391,0.02671,0
outer,142.15,15.3239,1.10021,0.74264,0.02602,0
outer,142.2,15.3314,1.1005,0.74133,0.02692,0
outer,142.3,15.3406,1.10108,0.73868,0.02708,0
outer,142.35,15.3487,1.10135,0.73734,0.02737,0
outer,142.45,15.3572,1.1019,0.73466,0.02737,0
outer,142.5,15.3648,1.10216,0.73333,0.02721,0
outer,142.6,15.374,1.10269,0.73062,0.02734,0
outer,142.65,15.3817,1.10295,0.72925,0.02795,0
outer,142.75,15.3901,1.10348,0.72651,0.02775,0
outer,142.8,15.3986,1.10373,0.72512,0.02838,0
outer,142.9,15.4073,1.10426,0.72228,0.02864,0
outer,142.95,15.4149,1.10451,0.72089,0.02824,0
outer,143.05,15.4267,1.10504,0.71797,0.02991,0
outer,143.15,15.4392,1.10563,0.7149,0.03153,0
outer,143.25,15.4466,1.10626,0.71187,0.03006,0
outer,143.3,15.4534,1.10655,0.71036,0.03068,0
outer,143.35,15.4631,1.10689,0.70886,0.03084,0
outer,143.45,15.4704,1.10749,0.70592,0.02986,0
outer,143.5,15.4797,1.10782,0.70447,0.0297,0
outer,143.55,15.4937,1.10813,0.70304,0.02932,0
outer,143.65,15.5003,1.10872,0.70018,0.02927,0
outer,143.7,15.5087,1.109,0.69874,0.02916,0
outer,143.75,15.5155,1.10925,0.69733,0.02868,0
outer,143.8,15.5248,1.10949,0.69594,0.02835,0
outer,143.85,15.5312,1.10971,0.69454,0.02834,0
outer,143.9,15.542,1.10995,0.6931,0.02921,0
outer,144.05,15.5504,1.1107,0.68863,0.03033,0
outer,144.1,15.5589,1.11095,0.68708,0.0314,0
outer,144.2,15.5664,1.11145,0.68394,0.03153,0
outer,144.25,15.5745,1.11169,0.68238,0.03169,0
outer,144.3,15.5815,1.11194,0.68076,0.03276,0
outer,144.4,15.5918,1.11245,0.67748,0.03321,0
outer,144.5,15.6002,1.11295,0.67424,0.0324,0
outer,144.55,15.6083,1.11318,0.67266,0.03206,0
outer,144.7,15.6163,1.1139,0.6678,0.03237,0
outer,144.75,15.6263,1.11412,0.6662,0.03227,0
outer,144.9,15.6417,1.11481,0.66137,0.03254,0
outer,145.0,15.6544,1.11523,0.65816,0.03252,0
outer,145.1,15.6622,1.11566,0.65495,0.03249,0
outer,145.15,15.6715,1.11587,0.65332,0.03284,0
outer,145.2,15.6841,1.11627,0.65,0.03342,0
outer,145.35,15.6926,1.11667,0.64674,0.03207,0
outer,145.4,15.7003,1.11686,0.6451,0.03288,0
outer,145.5,15.7093,1.11734,0.6418,0.03303,0
outer,145.55,15.7181,1.11759,0.64015,0.03347,0
outer,145.65,15.7315,1.11817,0.63682,0.03351,0
outer,145.75,15.7407,1.11875,0.63343,0.03433,0
outer,145.8,15.7487,1.11899,0.63176,0.03387,0
outer,145.9,15.7574,1.11943,0.6285,0.03286,0
outer,145.95,15.7666,1.1196,0.62689,0.03246,0
outer,146.05,15.776,1.11999,0.62377,0.03153,0
outer,146.1,15.7841,1.12017,0.62212,0.03327,0
outer,146.2,15.7926,1.1206,0.6186,0.03557,0
outer,146.25,15.8002,1.1208,0.61686,0.03503,0
outer,146.35,15.8092,1.1212,0.61339,0.03487,0
outer,146.4,15.8172,1.12139,0.61166,0.03485,0
outer,146.5,15.826,1.12177,0.60821,0.0344,0
outer,146.55,15.8336,1.12196,0.60649,0.03473,0
outer,146.65,15.8426,1.12232,0.60303,0.03478,0
outer,146.7,15.8502,1.1225,0.60133,0.03434,0
outer,146.75,15.8644,1.12267,0.59963,0.03394,0
outer,146.9,15.874,1.12325,0.59448,0.03532,0
outer,146.95,15.8816,1.12343,0.59274,0.03494,0
outer,147.05,15.895,1.1237,0.58933,0.03407,0
outer,147.15,15.9035,1.12398,0.586,0.033,0
outer,147.2,15.9122,1.12412,0.58431,0.034,0
outer,147.3,15.9195,1.12447,0.5809,0.03419,0
outer,147.35,15.9274,1.12464,0.57918,0.03462,0
outer,147.45,15.9342,1.12501,0.57574,0.03436,0
outer,147.5,15.9424,1.12521,0.57403,0.03444,0
outer,147.6,15.9504,1.12556,0.57061,0.03449,0
outer,147.65,15.9591,1.12572,0.56893,0.03389,0
outer,147.75,15.9665,1.12601,0.56558,0.03385,0
outer,147.8,15.9748,1.12621,0.56391,0.03371,0
outer,147.9,15.9877,1.12648,0.5605,0.03477,0
outer,148.0,15.9956,1.12677,0.55688,0.03754,0
outer,148.05,16.0045,1.12694,0.55498,0.0382,0
outer,148.2,16.0181,1.12742,0.54933,0.03753,0
outer,148.3,16.0265,1.12772,0.54564,0.03689,0
outer,148.35,16.0346,1.12787,0.54382,0.03652,0
outer,148.4,16.0488,1.128,0.54201,0.03593,0
outer,148.5,16.0571,1.12827,0.53845,0.03559,0
outer,148.55,16.0642,1.12841,0.53667,0.03558,0
outer,148.65,16.0738,1.12869,0.53307,0.03658,0
outer,148.7,16.0817,1.12882,0.53127,0.03616,0
outer,148.8,16.0906,1.12903,0.5277,0.03566,0
outer,148.85,16.0986,1.12913,0.52595,0.03515,0
outer,148.95,16.1112,1.1293,0.52248,0.03456,0
outer,149.05,16.1196,1.12953,0.51895,0.03526,0
outer,149.1,16.1277,1.12963,0.51718,0.03549,0
outer,149.2,16.1344,1.12989,0.51362,0.03553,0
outer,149.25,16.1433,1.13003,0.51184,0.03575,0
outer,149.35,16.1504,1.13024,0.50828,0.03582,0
outer,149.4,16.1586,1.13037,0.50652,0.03527,0
outer,149.5,16.1654,1.13059,0.503,0.03526,0
outer,149.55,16.1751,1.13071,0.50127,0.03458,0
outer,149.65,16.1824,1.13087,0.49784,0.03443,0
outer,149.7,16.1928,1.13096,0.49607,0.03547,0
outer,149.8,16.2054,1.13118,0.49242,0.03706,0
outer,149.95,16.2134,1.13154,0.48658,0.03934,0
outer,150.0,16.2207,1.13165,0.48463,0.03896,0
outer,150.1,16.2283,1.13188,0.48073,0.03909,0
outer,150.15,16.2359,1.13201,0.47876,0.03957,0
outer,150.2,16.2451,1.13213,0.47683,0.03867,0
outer,150.3,16.2524,1.13234,0.47303,0.038,0
outer,150.35,16.2603,1.13242,0.47117,0.03728,0
outer,150.45,16.2685,1.13259,0.46746,0.03754,0
outer,150.5,16.2774,1.13267,0.46561,0.03705,0
outer,150.55,16.2905,1.13275,0.46378,0.03594,0
outer,150.7,16.2983,1.133,0.45831,0.03664,0
outer,150.75,16.3083,1.13309,0.45644,0.03743,0
outer,150.9,16.3174,1.13338,0.45096,0.03604,0
outer,150.95,16.3263,1.13346,0.44915,0.03636,0
outer,151.05,16.3336,1.13367,0.44551,0.0364,0
outer,151.1,16.3414,1.13377,0.4437,0.03638,0
outer,151.2,16.3486,1.13398,0.44008,0.03606,0
outer,151.25,16.359,1.13405,0.43829,0.03564,0
outer,151.4,16.3673,1.13425,0.43297,0.03619,0
outer,151.45,16.3766,1.13431,0.43114,0.03676,0
outer,151.55,16.3836,1.13448,0.42738,0.03816,0
outer,151.6,16.3913,1.13456,0.42543,0.03896,0
outer,151.7,16.4046,1.13474,0.42148,0.0397,0
outer,151.8,16.4123,1.13492,0.41753,0.03952,0
outer,151.85,16.4213,1.135,0.41556,0.03934,0
outer,151.95,16.4293,1.13516,0.41168,0.03821,0
outer,152.0,16.4368,1.13523,0.40978,0.0381,0
outer,152.15,16.4453,1.13541,0.4041,0.03799,0
outer,152.2,16.4535,1.13546,0.40222,0.03768,0
outer,152.3,16.4615,1.13554,0.39851,0.03701,0
outer,152.35,16.4701,1.1356,0.39667,0.03686,0
outer,152.45,16.4775,1.13571,0.39297,0.03703,0
outer,152.5,16.4853,1.13577,0.3911,0.03736,0
outer,152.55,16.4922,1.13584,0.38923,0.0373,0
outer,152.6,16.5,1.13592,0.38732,0.03824,0
outer,152.65,16.5087,1.13599,0.3854,0.03843,0
outer,152.7,16.5169,1.13605,0.38352,0.03764,0
outer,152.75,16.5243,1.1361,0.38165,0.03738,0
outer,152.8,16.5322,1.13614,0.37982,0.0367,0
outer,152.9,16.5409,1.13622,0.37622,0.03632,0
outer,152.95,16.5484,1.13625,0.37439,0.03656,0
outer,153.05,16.5574,1.13636,0.37066,0.03767,0
outer,153.1,16.5662,1.13642,0.36871,0.03893,0
outer,153.15,16.574,1.13648,0.36675,0.03924,0
outer,153.2,16.5814,1.13655,0.36473,0.04036,0
outer,153.3,16.5904,1.1367,0.36074,0.04003,0
outer,153.35,16.5985,1.13678,0.35875,0.0399,0
outer,153.45,16.6072,1.13691,0.35475,0.04014,0
outer,153.5,16.6156,1.13698,0.35275,0.04006,0
outer,153.6,16.624,1.13713,0.34878,0.03948,0
outer,153.65,16.6314,1.13717,0.34685,0.03868,0
outer,153.75,16.6406,1.13727,0.34302,0.03853,0
outer,153.8,16.6487,1.1373,0.34113,0.03779,0
outer,153.9,16.6628,1.13743,0.3373,0.03882,0
outer,154.0,16.6734,1.13755,0.33348,0.0381,0
outer,154.1,16.6811,1.13769,0.32971,0.03793,0
outer,154.15,16.6939,1.13777,0.32785,0.03772,0
outer,154.35,16.7036,1.13806,0.32037,0.0376,0
outer,154.4,16.7136,1.13811,0.31848,0.03768,0
outer,154.55,16.7243,1.13822,0.31289,0.0373,0
outer,154.6,16.7321,1.13825,0.31101,0.03769,0
outer,154.7,16.741,1.13834,0.30717,0.03874,0
outer,154.75,16.7483,1.1384,0.3052,0.0395,0
outer,154.85,16.7613,1.1385,0.30123,0.03975,0
outer,154.95,16.7691,1.1386,0.29727,0.03944,0
outer,155.0,16.7782,1.13866,0.29533,0.03884,0
outer,155.1,16.7863,1.13873,0.29146,0.03848,0
outer,155.15,16.7941,1.13876,0.28959,0.03748,0
outer,155.2,16.8084,1.13877,0.28584,0.03751,0
outer,155.35,16.8154,1.13877,0.28216,0.03659,0
outer,155.4,16.8248,1.13877,0.28032,0.03672,0
outer,155.45,16.8341,1.13877,0.27846,0.03725,0
outer,155.55,16.8428,1.13883,0.27469,0.03779,0
outer,155.6,16.8511,1.13887,0.27277,0.03843,0
outer,155.7,16.8647,1.13895,0.26892,0.03855,0
outer,155.8,16.874,1.13904,0.26505,0.03854,0
outer,155.85,16.8819,1.13907,0.26317,0.03773,0
outer,155.95,16.8907,1.13913,0.25939,0.0377,0
outer,156.0,16.8992,1.13914,0.25754,0.03703,0
outer,156.1,16.9071,1.13914,0.25389,0.03648,0
outer,156.15,16.9148,1.13917,0.25203,0.03721,0
outer,156.25,16.9283,1.13917,0.24822,0.03872,0
outer,156.35,16.9428,1.13922,0.24426,0.04007,0
outer,156.5,16.9515,1.13934,0.23824,0.0399,0
outer,156.55,16.9598,1.13937,0.23626,0.03977,0
outer,156.7,16.9776,1.13948,0.23026,0.03964,0
outer,156.75,16.9842,1.13951,0.22829,0.03945,0
outer,156.8,16.9928,1.13952,0.22636,0.03865,0
outer,156.95,17.0012,1.13959,0.2206,0.03824,0
outer,157.0,17.0093,1.1396,0.21867,0.03853,0
outer,157.05,17.0157,1.13963,0.21672,0.03911,0
outer,157.1,17.0243,1.13965,0.21478,0.03885,0
outer,157.2,17.0419,1.13973,0.21098,0.03762,0
outer,157.4,17.0503,1.13991,0.20347,0.0375,0
outer,157.45,17.0585,1.13998,0.20161,0.03729,0
outer,157.55,17.0663,1.14007,0.19784,0.03795,0
outer,157.6,17.075,1.14009,0.19594,0.03804,0
outer,157.7,17.0825,1.14019,0.19209,0.03873,0
outer,157.75,17.0924,1.14024,0.19011,0.03955,0
outer,157.9,17.1084,1.14039,0.18416,0.03984,0
outer,158.0,17.1172,1.14048,0.18019,0.03975,0
outer,158.05,17.1257,1.14051,0.17825,0.03877,0
outer,158.15,17.1334,1.14057,0.17434,0.0392,0
outer,158.2,17.1426,1.14059,0.17241,0.03859,0
outer,158.25,17.1571,1.14061,0.17051,0.03803,0
outer,158.4,17.1712,1.14059,0.16491,0.03693,0
outer,158.55,17.1805,1.14062,0.1593,0.03766,0
outer,158.6,17.1897,1.14065,0.15739,0.03817,0
outer,158.7,17.2026,1.14069,0.15359,0.03864,0
outer,158.85,17.2114,1.14077,0.14787,0.03773,0
outer,158.9,17.2196,1.1408,0.14598,0.0378,0
outer,159.0,17.2275,1.14083,0.14221,0.0376,0
outer,159.05,17.2357,1.14083,0.14034,0.03739,0
outer,159.1,17.2457,1.14081,0.13848,0.0373,0
outer,159.2,17.2525,1.14084,0.13468,0.03797,0
outer,159.25,17.2606,1.14087,0.13273,0.03889,0
outer,159.4,17.2781,1.14095,0.12681,0.03969,0
outer,159.5,17.2863,1.141,0.12283,0.03975,0
outer,159.55,17.2937,1.14103,0.12085,0.03969,0
outer,159.7,17.3024,1.14112,0.11489,0.03971,0
outer,159.75,17.3101,1.14115,0.11293,0.0392,0
outer,159.9,17.3184,1.1412,0.10704,0.03903,0
outer,159.95,17.3266,1.14121,0.10514,0.038,0
outer,160.05,17.3335,1.14123,0.10138,0.03794,0
outer,160.1,17.3411,1.14121,0.0995,0.03755,0
outer,160.2,17.3485,1.14124,0.09573,0.03774,0
outer,160.25,17.356,1.14124,0.09381,0.0385,0
outer,160.4,17.3644,1.14128,0.08815,0.03753,0
outer,160.45,17.3743,1.1413,0.08624,0.03813,0
outer,160.6,17.3914,1.14132,0.08065,0.0368,0
outer,160.7,17.3994,1.1413,0.07694,0.03735,0
outer,160.75,17.4082,1.1413,0.07506,0.03768,0
outer,160.9,17.4164,1.14131,0.06926,0.03862,0
outer,160.95,17.4259,1.14132,0.06729,0.03948,0
outer,161.05,17.4326,1.14134,0.06333,0.03963,0
outer,161.1,17.4416,1.14135,0.06133,0.0399,0
outer,161.2,17.456,1.14138,0.05734,0.03995,0
outer,161.35,17.4636,1.14141,0.05142,0.03932,0
outer,161.4,17.4718,1.14143,0.04948,0.03889,0
outer,161.5,17.4785,1.14144,0.04561,0.03898,0
outer,161.55,17.4857,1.14141,0.04371,0.03793,0
outer,161.6,17.4947,1.14138,0.04183,0.03772,0
outer,161.7,17.5014,1.14137,0.03802,0.03829,0
outer,161.75,17.5095,1.14138,0.0361,0.03841,0
outer,161.85,17.5214,1.14142,0.03222,0.03872,0
outer,161.95,17.5342,1.14146,0.02837,0.03831,0
outer,162.05,17.5427,1.14149,0.0245,0.03847,0
outer,162.1,17.5509,1.14149,0.0226,0.03806,0
outer,162.2,17.5649,1.14147,0.01883,0.03796,0
outer,162.3,17.5738,1.14151,0.01499,0.03872,0
outer,162.35,17.582,1.14153,0.01303,0.03912,0
outer,162.45,17.5906,1.14159,0.00911,0.03904,0
outer,162.5,17.5985,1.14162,0.00714,0.03943,0
outer,162.6,17.6071,1.14167,0.00322,0.03895,0
outer,162.65,17.6147,1.14171,0.00122,0.03995,0
outer,162.75,17.6284,1.14175,-0.00275,0.03941,0
outer,162.9,17.6367,1.1418,-0.00862,0.03922,0
outer,162.95,17.6451,1.14181,-0.01058,0.03909,0
outer,163.05,17.6586,1.14181,-0.01445,0.03801,0
outer,163.15,17.6687,1.14183,-0.01827,0.03844,0
outer,163.25,17.6774,1.14186,-0.02209,0.03784,0
outer,163.3,17.6862,1.14188,-0.024,0.03827,0
outer,163.4,17.6954,1.14193,-0.0278,0.03749,0
outer,163.45,17.7069,1.14197,-0.02969,0.03791,0
outer,163.6,17.7208,1.14199,-0.03535,0.03724,0
outer,163.7,17.7285,1.14198,-0.03905,0.03692,0
outer,163.75,17.7375,1.14196,-0.0409,0.03717,0
outer,163.85,17.7453,1.1419,-0.04453,0.03643,0
outer,163.9,17.7537,1.14187,-0.04637,0.0368,0
outer,164.0,17.7604,1.14182,-0.05017,0.03837,0
outer,164.05,17.7683,1.1418,-0.05213,0.03925,0
outer,164.15,17.7762,1.14177,-0.05607,0.03941,0
outer,164.25,17.7874,1.14175,-0.06002,0.03942,0
outer,164.35,17.8003,1.14174,-0.06398,0.03952,0
outer,164.4,17.8137,1.14174,-0.06593,0.03959,0
outer,164.55,17.8238,1.14172,-0.07185,0.03921,0
outer,164.65,17.835,1.1417,-0.07567,0.03825,0
outer,164.75,17.8488,1.14163,-0.07945,0.03795,0
outer,164.85,17.8574,1.14158,-0.08325,0.03781,0
outer,164.9,17.8649,1.14158,-0.08517,0.03848,0
outer,165.0,17.8741,1.14161,-0.08901,0.03814,0
outer,165.05,17.8825,1.14162,-0.09095,0.0388,0
outer,165.15,17.8905,1.14165,-0.09486,0.0389,0
outer,165.2,17.8981,1.14165,-0.09678,0.03825,0
outer,165.3,17.9075,1.14163,-0.10062,0.03853,0
outer,165.35,17.9152,1.14164,-0.10252,0.03804,0
outer,165.45,17.924,1.14167,-0.1064,0.03863,0
outer,165.5,17.9321,1.14169,-0.10837,0.03951,0
outer,165.6,17.9406,1.14174,-0.11231,0.03944,0
outer,165.65,17.9484,1.14178,-0.11427,0.03932,0
outer,165.75,17.9574,1.14183,-0.11819,0.03916,0
outer,165.8,17.9653,1.14187,-0.12018,0.03981,0
outer,165.9,17.9789,1.14192,-0.12413,0.0393,0
outer,166.05,17.9874,1.14194,-0.13001,0.03903,0
outer,166.1,17.9954,1.14195,-0.13194,0.03877,0
outer,166.2,18.0036,1.14195,-0.13577,0.03801,0
outer,166.25,18.0111,1.14194,-0.13768,0.03827,0
outer,166.35,18.0191,1.14195,-0.14152,0.03831,0
outer,166.4,18.0276,1.14197,-0.14346,0.03865,0
outer,166.45,18.0375,1.14199,-0.14535,0.03787,0
outer,166.55,18.0452,1.14202,-0.14922,0.03875,0
outer,166.6,18.0543,1.14202,-0.15114,0.03838,0
outer,166.75,18.0625,1.142,-0.15685,0.03822,0
outer,166.8,18.0708,1.14199,-0.15871,0.0373,0
outer,166.9,18.0784,1.14193,-0.16243,0.03714,0
outer,166.95,18.0859,1.14192,-0.16431,0.03756,0
outer,167.05,18.0935,1.14191,-0.16813,0.03841,0
outer,167.1,18.101,1.14191,-0.17009,0.03916,0
outer,167.15,18.1076,1.14191,-0.17207,0.03965,0
outer,167.2,18.115,1.14191,-0.17409,0.0404,0
outer,167.3,18.124,1.14193,-0.17807,0.0398,0
outer,167.35,18.1314,1.14194,-0.18007,0.03991,0
outer,167.45,18.1445,1.14196,-0.18404,0.04,0
outer,167.55,18.1525,1.14196,-0.188,0.03939,0
outer,167.6,18.1613,1.14196,-0.18992,0.0385,0
outer,167.7,18.1751,1.14193,-0.19372,0.03805,0
outer,167.8,18.1824,1.14195,-0.19756,0.03872,0
outer,167.85,18.1919,1.14195,-0.1995,0.03892,0
outer,167.95,18.1998,1.142,-0.20335,0.0384,0
outer,168.0,18.2098,1.14202,-0.20525,0.03803,0
outer,168.1,18.2255,1.14208,-0.20905,0.03807,0
outer,168.25,18.2415,1.1421,-0.21478,0.03781,0
outer,168.4,18.2507,1.14209,-0.22043,0.03804,0
outer,168.45,18.2604,1.14208,-0.22236,0.03867,0
outer,168.55,18.2739,1.14209,-0.22625,0.03975,0
outer,168.65,18.2815,1.14211,-0.23023,0.03993,0
outer,168.7,18.289,1.14213,-0.2322,0.03939,0
outer,168.8,18.297,1.14215,-0.23616,0.03933,0
outer,168.85,18.3058,1.14217,-0.23816,0.03993,0
outer,168.95,18.3132,1.14218,-0.24214,0.03965,0
outer,169.0,18.3206,1.1422,-0.24409,0.03905,0
outer,169.1,18.3332,1.14224,-0.24792,0.03805,0
outer,169.2,18.3406,1.14223,-0.25181,0.03888,0
outer,169.25,18.3496,1.14218,-0.25372,0.03836,0
outer,169.35,18.3572,1.14211,-0.25755,0.03819,0
outer,169.4,18.3648,1.14211,-0.2595,0.0389,0
outer,169.5,18.3739,1.14213,-0.2633,0.03771,0
outer,169.55,18.382,1.14214,-0.26523,0.03854,0
outer,169.65,18.3907,1.14216,-0.26905,0.03797,0
outer,169.75,18.4019,1.1422,-0.27285,0.03833,0
outer,169.8,18.4148,1.14221,-0.27475,0.0382,0
outer,169.95,18.4238,1.14215,-0.28043,0.0379,0
outer,170.0,18.432,1.14213,-0.28232,0.03789,0
outer,170.1,18.4405,1.14214,-0.28616,0.03883,0
outer,170.15,18.4497,1.14214,-0.28813,0.03931,0
outer,170.2,18.4573,1.14214,-0.2901,0.03945,0
outer,170.25,18.465,1.14214,-0.29209,0.03987,0
outer,170.3,18.4752,1.14216,-0.2941,0.04018,0
outer,170.45,18.4836,1.14217,-0.30006,0.03963,0
outer,170.5,18.4929,1.14218,-0.30205,0.03967,0
outer,170.6,18.5024,1.14219,-0.306,0.03922,0
outer,170.65,18.5098,1.14218,-0.30795,0.03893,0
outer,170.8,18.5291,1.14214,-0.31562,0.03805,0
outer,170.9,18.5366,1.14215,-0.31754,0.03849,0
outer,170.95,18.5443,1.14217,-0.31946,0.03832,0
outer,171.1,18.5526,1.14221,-0.32517,0.03717,0
outer,171.15,18.5605,1.14224,-0.32709,0.03842,0
outer,171.3,18.5684,1.14226,-0.33291,0.03855,0
outer,171.35,18.5762,1.14228,-0.33481,0.03806,0
outer,171.45,18.5835,1.14227,-0.33858,0.03805,0
outer,171.5,18.5922,1.14226,-0.34047,0.03797,0
outer,171.55,18.5985,1.14225,-0.34236,0.0378,0
outer,171.6,18.6084,1.14226,-0.34431,0.03891,0
outer,171.75,18.6163,1.14229,-0.35022,0.0397,0
outer,171.8,18.6248,1.14229,-0.35219,0.03944,0
outer,171.9,18.6324,1.1423,-0.35616,0.03962,0
outer,171.95,18.6428,1.14233,-0.35816,0.03984,0
outer,172.1,18.6515,1.14234,-0.36411,0.03922,0
outer,172.15,18.6596,1.14238,-0.36605,0.03874,0
outer,172.25,18.6669,1.14239,-0.36993,0.03864,0
outer,172.3,18.6751,1.14238,-0.37185,0.03842,0
outer,172.4,18.6824,1.14238,-0.37571,0.03867,0
outer,172.45,18.6914,1.14238,-0.37766,0.03901,0
outer,172.5,18.6975,1.1424,-0.37958,0.0383,0
outer,172.55,18.7058,1.14242,-0.38148,0.03803,0
outer,172.7,18.7135,1.14248,-0.38712,0.03748,0
outer,172.75,18.7212,1.14249,-0.389,0.03764,0
outer,172.85,18.7346,1.14249,-0.39278,0.03751,0
outer,172.95,18.7426,1.14245,-0.39644,0.03706,0
outer,173.0,18.7499,1.14243,-0.39832,0.03763,0
outer,173.05,18.7572,1.14242,-0.40022,0.03802,0
outer,173.1,18.7648,1.14241,-0.40216,0.03862,0
outer,173.2,18.774,1.14241,-0.40611,0.03978,0
outer,173.25,18.7821,1.14241,-0.4081,0.03994,0
outer,173.35,18.7906,1.14241,-0.41207,0.03974,0
outer,173.4,18.7982,1.14241,-0.41406,0.03962,0
outer,173.5,18.8073,1.14242,-0.41803,0.03961,0
outer,173.55,18.8154,1.14241,-0.42001,0.03948,0
outer,173.6,18.8239,1.14241,-0.42195,0.03889,0
outer,173.65,18.832,1.1424,-0.42389,0.0387,0
outer,173.75,18.8408,1.14234,-0.42772,0.03824,0
outer,173.8,18.8484,1.14231,-0.42959,0.0375,0
outer,173.9,18.8574,1.14225,-0.43329,0.03711,0
outer,173.95,18.865,1.1422,-0.43516,0.0374,0
outer,174.05,18.874,1.14217,-0.43893,0.03778,0
outer,174.1,18.8824,1.14217,-0.44085,0.03834,0
outer,174.2,18.8906,1.14217,-0.44469,0.03814,0
outer,174.25,18.8986,1.14217,-0.44665,0.03928,0
outer,174.35,18.9075,1.14217,-0.4506,0.03912,0
outer,174.4,18.9173,1.14215,-0.45251,0.03836,0
outer,174.45,18.9261,1.14214,-0.45442,0.03816,0
outer,174.5,18.934,1.14212,-0.45632,0.03792,0
outer,174.55,18.9409,1.14213,-0.45822,0.03811,0
outer,174.6,18.9493,1.14214,-0.46016,0.03881,0
outer,174.7,18.9573,1.14216,-0.46408,0.03946,0
outer,174.75,18.9658,1.14218,-0.46605,0.03949,0
outer,174.85,18.974,1.14222,-0.47001,0.03966,0
outer,174.9,18.9823,1.14223,-0.47197,0.03924,0
outer,175.0,18.9906,1.14228,-0.4759,0.03934,0
outer,175.05,18.998,1.14231,-0.47789,0.03976,0
outer,175.15,19.0074,1.14233,-0.48182,0.0393,0
outer,175.2,19.0155,1.14234,-0.48376,0.0387,0
outer,175.25,19.0239,1.14233,-0.48568,0.03841,0
outer,175.3,19.0317,1.14233,-0.48758,0.03799,0
outer,175.4,19.0404,1.14235,-0.49137,0.03808,0
outer,175.45,19.0478,1.14238,-0.49329,0.03849,0
outer,175.55,19.0575,1.14241,-0.4971,0.03795,0
outer,175.6,19.0655,1.14243,-0.499,0.03799,0
outer,175.65,19.074,1.14245,-0.50086,0.03726,0
outer,175.7,19.0823,1.14248,-0.50275,0.03779,0
outer,175.8,19.0907,1.14251,-0.50658,0.03847,0
outer,175.85,19.0985,1.14252,-0.50846,0.03761,0
outer,175.95,19.1073,1.14253,-0.51223,0.0379,0
outer,176.0,19.1151,1.14251,-0.51412,0.03776,0
outer,176.1,19.1239,1.14246,-0.51785,0.03728,0
outer,176.15,19.1326,1.14242,-0.51973,0.03759,0
outer,176.25,19.1407,1.1424,-0.52357,0.03842,0
outer,176.3,19.1491,1.14238,-0.52554,0.03945,0
outer,176.4,19.1574,1.14235,-0.52952,0.03963,0
outer,176.45,19.1655,1.14234,-0.53151,0.03992,0
outer,176.55,19.1744,1.1423,-0.53551,0.03981,0
outer,176.6,19.1821,1.14227,-0.53747,0.03918,0
outer,176.65,19.1908,1.14225,-0.53941,0.03878,0
outer,176.7,19.1982,1.14221,-0.54134,0.03862,0
outer,176.75,19.2045,1.14217,-0.54321,0.03746,0
outer,176.8,19.2136,1.1421,-0.54508,0.03745,0
outer,176.9,19.221,1.14197,-0.54877,0.03698,0
outer,176.95,19.2299,1.14192,-0.55061,0.03678,0
outer,177.1,19.2411,1.14179,-0.55612,0.03608,0
outer,177.15,19.2503,1.14174,-0.55793,0.03622,0
outer,177.25,19.2595,1.14167,-0.56158,0.03633,0
outer,177.3,19.2676,1.14164,-0.56341,0.03672,0
outer,177.35,19.278,1.14161,-0.56522,0.03608,0
outer,177.45,19.2864,1.14154,-0.5688,0.0357,0
outer,177.55,19.2989,1.14141,-0.57235,0.03534,0
outer,177.6,19.3071,1.14132,-0.57406,0.0343,0
outer,177.65,19.3148,1.14132,-0.57579,0.03441,0
outer,177.75,19.3239,1.14121,-0.57931,0.0356,0
outer,177.85,19.3349,1.14101,-0.58295,0.03672,0
outer,177.95,19.3433,1.14084,-0.58676,0.03849,0
outer,178.0,19.3514,1.14076,-0.58866,0.03811,0
outer,178.1,19.3596,1.14055,-0.59236,0.03695,0
outer,178.15,19.3673,1.14042,-0.59416,0.03598,0
outer,178.25,19.3761,1.1402,-0.59766,0.03502,0
outer,178.3,19.385,1.14009,-0.59938,0.03446,1
outer,178.4,19.3927,1.13984,-0.60275,0.03379,1
outer,178.45,19.4003,1.13978,-0.60307,0.00643,1
outer,178.5,19.4075,1.13974,-0.60324,0.00353,1
outer,178.55,19.4149,1.13969,-0.60443,0.02381,1
outer,178.65,19.4294,1.1397,-0.60491,0.0005,1
outer,178.8,19.4405,1.13971,-0.60491,0.00012,1
outer,178.85,19.4479,1.13971,-0.60494,0.0007,1
outer,178.95,19.4608,1.1397,-0.60492,0.00014,1
outer,179.05,19.4686,1.1397,-0.60493,4e-05,1
outer,179.1,19.4769,1.1397,-0.60491,0.00027,1
outer,179.2,19.4913,1.13971,-0.60492,0.00022,1
outer,179.3,19.4994,1.13971,-0.60492,3e-05,1
outer,179.35,19.5077,1.13971,-0.60492,7e-05,1
outer,179.4,19.5225,1.13971,-0.60492,8e-05,1
outer,179.55,19.5312,1.13971,-0.60492,0.00011,1
outer,179.6,19.5418,1.1397,-0.60492,0.00018,1
outer,179.75,19.5519,1.1397,-0.60492,6e-05,1
outer,179.8,19.5596,1.13971,-0.60492,5e-05,1
outer,179.95,19.5689,1.13971,-0.60492,8e-05,1
outer,180.0,19.5771,1.1397,-0.60492,7e-05,1
outer,180.15,19.5857,1.1397,-0.60492,0.0001,1
outer,180.2,19.5932,1.1397,-0.60492,3e-05,1
outer,180.25,19.6083,1.1397,-0.60492,2e-05,1
outer,180.4,19.6172,1.1397,-0.60492,5e-05,1
outer,180.45,19.6264,1.1397,-0.60492,5e-05,1
outer,180.6,19.6356,1.1397,-0.60492,0.00012,1
outer,180.65,19.644,1.1397,-0.60492,0.00011,1
outer,180.8,19.6535,1.1397,-0.60492,5e-05,1
outer,180.85,19.6619,1.1397,-0.60492,5e-05,1
outer,180.95,19.6696,1.1397,-0.60492,2e-05,1
outer,181.0,19.6774,1.1397,-0.60492,5e-05,1
outer,181.1,19.6907,1.1397,-0.60492,3e-05,1
outer,181.25,19.6995,1.1397,-0.60492,6e-05,1
outer,181.3,19.7078,1.1397,-0.60492,4e-05,1
outer,181.4,19.722,1.1397,-0.60492,7e-05,1
outer,181.5,19.732,1.13971,-0.60492,6e-05,1
outer,181.55,19.7382,1.1397,-0.60492,9e-05,1
outer,181.65,19.7491,1.1397,-0.60492,9e-05,1
outer,181.7,19.7574,1.13971,-0.60492,0.00015,1
outer,181.75,19.7647,1.1397,-0.60492,0.00015,1
outer,181.8,19.7762,1.1397,-0.60492,6e-05,1
outer,181.85,19.7825,1.1397,-0.60492,6e-05,1
outer,181.95,19.7943,1.1397,-0.60492,9e-05,1
outer,182.05,19.8096,1.13971,-0.60492,6e-05,1
outer,182.2,19.8176,1.13971,-0.60492,6e-05,1
outer,182.25,19.8253,1.1397,-0.60492,0.00012,1
outer,182.35,19.8333,1.13971,-0.60492,8e-05,1
outer,182.4,19.8411,1.13971,-0.60492,4e-05,1
outer,182.5,19.8486,1.1397,-0.60492,3e-05,1
outer,182.55,19.8593,1.1397,-0.60492,1e-05,1
outer,182.65,19.8671,1.13971,-0.60492,0.00025,1
outer,182.7,19.8742,1.1397,-0.60492,0.00012,1
outer,182.75,19.8813,1.1397,-0.60492,7e-05,1
outer,182.85,19.8908,1.1397,-0.60492,0.0001,1
outer,182.9,19.8986,1.13971,-0.60492,0.00016,1
outer,183.0,19.9072,1.1397,-0.60492,2e-05,1
outer,183.05,19.9155,1.1397,-0.60492,7e-05,1
outer,183.15,19.9238,1.1397,-0.60492,7e-05,1
outer,183.2,19.9316,1.13971,-0.60492,0.00012,1
outer,183.3,19.9406,1.1397,-0.60492,4e-05,1
outer,183.35,19.9487,1.1397,-0.60492,2e-05,0
outer,183.45,19.9588,1.1397,-0.60492,0.00011,0
outer,183.5,19.9671,1.13977,-0.60492,0.00128,0
outer,183.55,19.9797,1.13948,-0.60637,0.0079,0
outer,183.65,19.9897,1.13951,-0.60721,0.00898,0
outer,183.7,19.9958,1.13943,-0.60821,0.02001,0
outer,183.75,20.0037,1.13933,-0.60933,0.02244,0
outer,183.8,20.0113,1.13922,-0.61079,0.02942,0
outer,183.9,20.0248,1.13895,-0.61408,0.03316,0
outer,184.05,20.0333,1.13856,-0.61898,0.03298,0
outer,184.1,20.0415,1.13843,-0.62057,0.03185,0
outer,184.25,20.0506,1.13804,-0.62538,0.03188,0
outer,184.3,20.059,1.1379,-0.62694,0.03125,0
outer,184.4,20.0739,1.13762,-0.63003,0.03075,0
outer,184.55,20.0875,1.13712,-0.63443,0.02867,0
outer,184.65,20.0954,1.13679,-0.63728,0.02936,0
outer,184.7,20.1041,1.13661,-0.63875,0.02948,0
outer,184.8,20.1115,1.13618,-0.64162,0.02925,0
outer,184.85,20.1192,1.13599,-0.64308,0.02946,0
outer,184.9,20.1261,1.13578,-0.64454,0.02954,0
outer,184.95,20.1341,1.13555,-0.64604,0.03034,0
outer,185.0,20.142,1.13531,-0.64756,0.03087,0
outer,185.05,20.1505,1.13507,-0.64911,0.0313,0
outer,185.1,20.1576,1.13482,-0.65065,0.03126,0
outer,185.15,20.1652,1.13457,-0.65221,0.03146,0
outer,185.25,20.1782,1.13405,-0.65529,0.03159,0
outer,185.4,20.1865,1.13325,-0.65992,0.03078,0
outer,185.45,20.1947,1.13299,-0.66146,0.03131,0
outer,185.55,20.2049,1.13245,-0.66457,0.03155,0
outer,185.65,20.2133,1.13189,-0.66766,0.03142,0
outer,185.7,20.2221,1.1316,-0.6692,0.03128,0
outer,185.85,20.2424,1.13074,-0.67375,0.03095,0
outer,185.9,20.2575,1.13044,-0.67529,0.03189,0
outer,186.0,20.2638,1.12983,-0.6784,0.03151,0
outer,186.05,20.2718,1.12954,-0.67995,0.0316,0
outer,186.1,20.2849,1.12897,-0.6832,0.03348,0
outer,186.25,20.2931,1.12846,-0.68636,0.03108,0
outer,186.3,20.3007,1.1282,-0.68791,0.03154,0
outer,186.4,20.3097,1.1277,-0.69106,0.03214,0
outer,186.45,20.318,1.12745,-0.69265,0.03222,0
outer,186.55,20.3324,1.12689,-0.69583,0.03238,0
outer,186.65,20.3406,1.12635,-0.69888,0.03083,0
outer,186.7,20.348,1.12604,-0.70037,0.03039,0
outer,186.8,20.3572,1.12547,-0.70321,0.02941,0
outer,186.85,20.365,1.1252,-0.70464,0.02911,0
outer,186.95,20.379,1.1246,-0.70741,0.0281,0
outer,187.1,20.3903,1.12359,-0.71162,0.02977,0
outer,187.15,20.3979,1.12329,-0.71304,0.02913,0
outer,187.25,20.4115,1.12267,-0.71582,0.02833,0
outer,187.35,20.4188,1.12198,-0.71865,0.02937,0
outer,187.4,20.4275,1.12164,-0.72005,0.02889,0
outer,187.55,20.4412,1.12055,-0.72416,0.02829,0
outer,187.65,20.4495,1.11978,-0.72689,0.02838,0
outer,187.7,20.4575,1.11938,-0.72826,0.02847,0
outer,187.75,20.4672,1.11898,-0.72961,0.02819,0
outer,187.8,20.4739,1.1186,-0.73095,0.02784,0
outer,187.85,20.4809,1.11821,-0.73232,0.02857,0
outer,187.95,20.4907,1.11741,-0.73511,0.0292,0
outer,188.0,20.4985,1.117,-0.73652,0.02933,0
outer,188.1,20.5128,1.11618,-0.73932,0.0291,0
outer,188.2,20.5249,1.11532,-0.74209,0.02924,0
outer,188.35,20.5337,1.11403,-0.74622,0.0285,0
outer,188.4,20.542,1.11359,-0.7476,0.02894,0
outer,188.5,20.5564,1.11269,-0.75041,0.0292,0
outer,188.65,20.5655,1.11129,-0.75445,0.02796,0
outer,188.7,20.5751,1.11081,-0.75583,0.02916,0
outer,188.8,20.5824,1.10993,-0.75865,0.02941,0
outer,188.85,20.5915,1.10954,-0.76006,0.02932,0
outer,189.0,20.6007,1.10824,-0.76428,0.03023,0
outer,189.05,20.6097,1.10777,-0.76573,0.03037,0
outer,189.2,20.6177,1.10636,-0.76991,0.02964,0
outer,189.25,20.6257,1.10594,-0.77131,0.0291,0
outer,189.35,20.6332,1.10507,-0.77417,0.03017,0
outer,189.4,20.6416,1.10467,-0.7756,0.02971,0
outer,189.5,20.6502,1.10378,-0.77836,0.02923,0
outer,189.55,20.6593,1.10336,-0.77975,0.02896,0
outer,189.7,20.6675,1.10195,-0.78379,0.02864,0
outer,189.75,20.6754,1.10149,-0.78514,0.02841,0
outer,189.85,20.6825,1.10051,-0.78774,0.02787,0
outer,189.9,20.6918,1.10002,-0.789,0.02697,0
outer,190.0,20.7055,1.09903,-0.79137,0.02536,0
outer,190.15,20.7137,1.09752,-0.79506,0.02755,0
outer,190.2,20.7209,1.09703,-0.79633,0.02733,0
outer,190.3,20.7284,1.09601,-0.79886,0.02724,0
outer,190.35,20.7359,1.0955,-0.80013,0.02736,0
outer,190.4,20.7453,1.09498,-0.80141,0.02762,0
outer,190.5,20.7516,1.09391,-0.8039,0.02729,0
outer,190.55,20.7595,1.09338,-0.80514,0.02707,0
outer,190.65,20.7676,1.09229,-0.8076,0.02687,0
outer,190.7,20.7758,1.09172,-0.80883,0.02715,0
outer,190.8,20.7835,1.0906,-0.81131,0.02688,0
outer,190.85,20.7921,1.08997,-0.81249,0.02673,0
outer,191.0,20.8007,1.08829,-0.81604,0.0266,0
outer,191.05,20.8087,1.0877,-0.81731,0.02789,0
outer,191.15,20.8219,1.08655,-0.8199,0.02827,0
outer,191.25,20.8286,1.08544,-0.82239,0.02739,0
outer,191.3,20.8367,1.08486,-0.82363,0.02734,0
outer,191.4,20.844,1.08371,-0.82609,0.02762,0
outer,191.45,20.8512,1.08312,-0.82734,0.02753,0
outer,191.55,20.8645,1.08194,-0.82973,0.02628,0
outer,191.65,20.8789,1.08078,-0.83213,0.02698,0
outer,191.75,20.8872,1.07958,-0.83464,0.02815,0
outer,191.8,20.8951,1.07895,-0.83591,0.02833,0
outer,191.85,20.9017,1.07834,-0.83717,0.02796,0
outer,191.9,20.9099,1.07776,-0.83843,0.02781,0
outer,192.0,20.9244,1.07656,-0.84082,0.02659,0
outer,192.1,20.9324,1.07533,-0.8432,0.027,0
outer,192.15,20.9412,1.07471,-0.84439,0.02676,0
outer,192.25,20.9494,1.07347,-0.8467,0.0264,0
outer,192.3,20.9586,1.07282,-0.84787,0.02672,0
outer,192.45,20.9673,1.07085,-0.85141,0.02678,0
outer,192.55,20.9796,1.06951,-0.85377,0.02729,0
outer,192.65,20.9874,1.06816,-0.85611,0.02676,0
outer,192.7,20.9952,1.06749,-0.85727,0.02693,0
outer,192.85,21.0035,1.06546,-0.86088,0.02775,0
outer,192.9,21.0108,1.06476,-0.86209,0.02792,0
outer,193.0,21.0184,1.06336,-0.86446,0.02713,0
outer,193.05,21.0273,1.06267,-0.86563,0.0271,0
outer,193.1,21.0409,1.06196,-0.86679,0.02757,0
outer,193.3,21.0503,1.05912,-0.87146,0.02718,0
outer,193.35,21.0582,1.0584,-0.87265,0.02788,0
outer,193.45,21.0721,1.0568,-0.87503,0.02866,0
outer,193.55,21.0801,1.05541,-0.87737,0.02693,0
outer,193.6,21.0883,1.05471,-0.87853,0.02722,0
outer,193.75,21.0974,1.05262,-0.88218,0.02831,0
outer,193.8,21.1054,1.05186,-0.88341,0.0288,0
outer,193.9,21.1135,1.05044,-0.88592,0.02869,0
outer,193.95,21.1248,1.04979,-0.88723,0.02933,0
outer,194.05,21.1325,1.04838,-0.88992,0.03068,0
outer,194.1,21.1417,1.0476,-0.89123,0.03041,0
outer,194.2,21.1495,1.04609,-0.8937,0.02857,0
outer,194.25,21.159,1.04531,-0.89485,0.02772,0
outer,194.4,21.1675,1.04315,-0.89811,0.02656,0
outer,194.45,21.1769,1.04246,-0.89923,0.02632,0
outer,194.6,21.1849,1.04035,-0.90246,0.02596,0
outer,194.65,21.1927,1.03967,-0.90351,0.02512,0
outer,194.8,21.2015,1.03754,-0.90643,0.02461,0
outer,194.85,21.2088,1.03684,-0.90743,0.02425,0
outer,194.95,21.2174,1.03544,-0.90932,0.02383,0
outer,195.0,21.225,1.03474,-0.91027,0.02345,0
outer,195.1,21.2371,1.03332,-0.9121,0.02287,0
outer,195.15,21.249,1.0326,-0.913,0.02347,0
outer,195.25,21.2596,1.0311,-0.91485,0.02407,0
outer,195.35,21.2668,1.02957,-0.91674,0.0243,0
outer,195.4,21.2745,1.0288,-0.91769,0.02447,0
outer,195.5,21.2813,1.02724,-0.91962,0.02477,0
outer,195.55,21.2893,1.02644,-0.92058,0.02501,0
outer,195.7,21.2984,1.02404,-0.92345,0.02433,0
outer,195.75,21.31,1.02324,-0.92441,0.02511,0
outer,195.85,21.3242,1.02075,-0.92741,0.02571,0
outer,195.95,21.3322,1.01989,-0.92842,0.02647,0
outer,196.0,21.3438,1.019,-0.92946,0.02734,0
outer,196.1,21.3619,1.01719,-0.93154,0.02795,0
outer,196.2,21.3694,1.01536,-0.93356,0.0265,0
outer,196.25,21.377,1.01447,-0.93455,0.02658,0
outer,196.35,21.3845,1.01271,-0.93671,0.02765,0
outer,196.4,21.3925,1.01186,-0.93783,0.02823,0
outer,196.5,21.4004,1.01012,-0.94013,0.02851,0
outer,196.55,21.4092,1.00921,-0.94123,0.02852,0
outer,196.65,21.4244,1.00667,-0.94442,0.02725,0
outer,196.8,21.4327,1.00496,-0.9465,0.0272,0
outer,196.85,21.4423,1.00412,-0.94756,0.02712,0
outer,196.95,21.4571,1.00246,-0.94952,0.02533,0
outer,197.1,21.4715,0.99998,-0.95247,0.02527,0
outer,197.2,21.4788,0.99833,-0.95428,0.02455,0
outer,197.25,21.4865,0.99751,-0.95514,0.02369,0
outer,197.35,21.4946,0.9959,-0.95684,0.02378,0
outer,197.4,21.5031,0.99509,-0.9577,0.02366,0
outer,197.5,21.5153,0.99345,-0.95935,0.02338,0
outer,197.6,21.524,0.99172,-0.96107,0.02458,0
outer,197.65,21.5317,0.99085,-0.96194,0.02462,0
outer,197.75,21.5407,0.98912,-0.96362,0.02421,0
outer,197.8,21.5486,0.98824,-0.96449,0.02483,0
outer,197.9,21.5574,0.98643,-0.96627,0.02529,0
outer,197.95,21.565,0.98551,-0.96715,0.02557,0
outer,198.05,21.5738,0.98367,-0.96891,0.02529,0
outer,198.1,21.5818,0.98275,-0.96979,0.02544,0
outer,198.2,21.5907,0.98088,-0.97154,0.02558,0
outer,198.25,21.599,0.97994,-0.97242,0.02576,0
outer,198.35,21.6074,0.97803,-0.97419,0.02582,0
outer,198.4,21.6151,0.97708,-0.97507,0.02592,0
outer,198.5,21.6286,0.97513,-0.97688,0.02673,0
outer,198.65,21.6368,0.97221,-0.97956,0.02565,0
outer,198.7,21.6446,0.97123,-0.98043,0.02622,0
outer,198.8,21.6518,0.96925,-0.98225,0.02682,0
outer,198.85,21.6597,0.96826,-0.98313,0.02644,0
outer,198.9,21.6732,0.96725,-0.98405,0.02799,0
outer,199.0,21.6805,0.9651,-0.98595,0.02929,0
outer,199.05,21.693,0.96394,-0.98694,0.0305,0
outer,199.2,21.7015,0.96082,-0.98992,0.02716,0
outer,199.25,21.7098,0.95992,-0.99096,0.02759,0
outer,199.35,21.7176,0.95792,-0.99306,0.02931,0
outer,199.4,21.7252,0.95685,-0.99409,0.02971,0
outer,199.5,21.7382,0.95479,-0.99596,0.02776,0
outer,199.65,21.7465,0.95186,-0.9985,0.02575,0
outer,199.7,21.7543,0.95094,-0.99937,0.02533,0
outer,199.8,21.7617,0.94904,-1.00109,0.026,0
outer,199.85,21.7701,0.94811,-1.00198,0.02576,0
outer,199.95,21.7827,0.94624,-1.00356,0.02425,0
outer,200.05,21.7913,0.94444,-1.00499,0.02307,0
outer,200.1,21.8003,0.94358,-1.00566,0.02183,0
outer,200.15,21.8138,0.94272,-1.00629,0.02111,0
outer,200.25,21.8204,0.941,-1.00755,0.02148,0
outer,200.3,21.8291,0.9401,-1.00822,0.02247,0
outer,200.45,21.8405,0.9373,-1.01026,0.0228,0
outer,200.5,21.8476,0.93635,-1.01093,0.0233,0
outer,200.6,21.8612,0.93441,-1.01229,0.02385,0
outer,200.75,21.8698,0.93149,-1.01432,0.02338,0
outer,200.8,21.8777,0.9305,-1.01498,0.02377,0
outer,200.9,21.8849,0.92849,-1.01636,0.02419,0
outer,200.95,21.8926,0.92747,-1.01704,0.0245,0
outer,201.0,21.9021,0.92642,-1.01775,0.02537,0
outer,201.1,21.9154,0.92422,-1.01924,0.02653,0
outer,201.2,21.9239,0.92205,-1.02072,0.02609,0
outer,201.25,21.932,0.92098,-1.02145,0.02581,0
outer,201.35,21.9405,0.91882,-1.0229,0.02594,0
outer,201.4,21.9491,0.91775,-1.02361,0.02565,0
outer,201.5,21.9573,0.91553,-1.0251,0.02662,0
outer,201.55,21.9661,0.91444,-1.02581,0.02606,0
outer,201.6,21.9739,0.91332,-1.02656,0.02692,0
outer,201.65,21.9819,0.91217,-1.0273,0.02733,0
outer,201.75,21.9909,0.90984,-1.0288,0.027,0
outer,201.8,21.9986,0.90868,-1.0295,0.02713,0
outer,201.9,22.0078,0.90639,-1.03107,0.02736,0
outer,201.95,22.0161,0.90527,-1.03187,0.02767,0
outer,202.0,22.0239,0.90412,-1.03273,0.02854,0
outer,202.05,22.0314,0.90294,-1.03354,0.02867,0
outer,202.15,22.0408,0.90069,-1.03512,0.02742,0
outer,202.2,22.0483,0.89956,-1.03586,0.02694,0
outer,202.3,22.0572,0.89742,-1.0373,0.02635,0
outer,202.35,22.0655,0.8963,-1.03802,0.02651,0
outer,202.45,22.074,0.89417,-1.03937,0.02539,0
outer,202.5,22.0818,0.89313,-1.04005,0.02486,0
outer,202.6,22.0909,0.89102,-1.04139,0.02536,0
outer,202.65,22.0986,0.89001,-1.04204,0.02389,0
outer,202.75,22.1114,0.88804,-1.04317,0.02242,0
outer,202.9,22.1198,0.88504,-1.04486,0.02428,0
outer,202.95,22.1278,0.88402,-1.04547,0.02371,0
outer,203.1,22.1365,0.8809,-1.04729,0.02446,0
outer,203.15,22.1446,0.87983,-1.04792,0.0248,0
outer,203.3,22.1536,0.87662,-1.04968,0.02463,0
outer,203.35,22.1621,0.87556,-1.05027,0.0241,0
outer,203.45,22.1751,0.87346,-1.05138,0.02368,0
outer,203.55,22.1825,0.87135,-1.05246,0.0237,0
outer,203.6,22.1911,0.87028,-1.053,0.02403,0
outer,203.7,22.2056,0.86812,-1.05406,0.02423,0
outer,203.85,22.2135,0.86487,-1.05563,0.02377,0
outer,203.9,22.2208,0.86377,-1.05616,0.02456,0
outer,204.0,22.2335,0.86145,-1.05727,0.02612,0
outer,204.05,22.2407,0.86027,-1.05783,0.02612,0
outer,204.1,22.2487,0.85913,-1.05837,0.02526,0
outer,204.15,22.2572,0.85799,-1.05892,0.02528,0
outer,204.2,22.2643,0.85681,-1.05947,0.02595,0
outer,204.3,22.2742,0.85447,-1.06058,0.02578,0
outer,204.35,22.2819,0.85332,-1.06111,0.02542,0
outer,204.45,22.2901,0.85096,-1.06222,0.02617,0
outer,204.5,22.2993,0.8498,-1.06275,0.02543,0
outer,204.6,22.3076,0.84741,-1.06387,0.0264,0
outer,204.65,22.3153,0.8462,-1.06439,0.02626,0
outer,204.7,22.3237,0.84495,-1.06489,0.02693,0
outer,204.75,22.3312,0.84377,-1.06546,0.02616,0
outer,204.85,22.3445,0.84151,-1.06674,0.02615,0
outer,205.0,22.3536,0.83789,-1.06845,0.02721,0
outer,205.05,22.3615,0.83669,-1.06903,0.02664,0
outer,205.15,22.3695,0.83431,-1.07007,0.02596,0
outer,205.2,22.3772,0.83317,-1.07056,0.02471,0
outer,205.35,22.3867,0.8297,-1.07198,0.02558,0
outer,205.4,22.3952,0.82853,-1.07247,0.02541,0
outer,205.55,22.4039,0.82498,-1.07396,0.02604,0
outer,205.6,22.4113,0.82381,-1.07444,0.0253,0
outer,205.7,22.4195,0.82148,-1.07537,0.02517,0
outer,205.75,22.4272,0.82032,-1.07583,0.02481,0
outer,205.85,22.4343,0.81795,-1.07672,0.02532,0
outer,205.9,22.4436,0.81676,-1.07716,0.02531,0
outer,206.05,22.4586,0.81315,-1.07846,0.02576,0
outer,206.2,22.4665,0.80954,-1.07973,0.02527,0
outer,206.25,22.4746,0.80832,-1.08016,0.02579,0
outer,206.35,22.4924,0.8046,-1.08147,0.02668,0
outer,206.5,22.4997,0.80207,-1.08234,0.02629,0
outer,206.55,22.508,0.80083,-1.08275,0.02615,0
outer,206.65,22.5157,0.79835,-1.08357,0.02624,0
outer,206.7,22.5254,0.79709,-1.08397,0.02647,0
outer,206.85,22.5443,0.79327,-1.08522,0.02708,0
outer,207.0,22.5528,0.78939,-1.08645,0.02644,0
outer,207.05,22.5606,0.7881,-1.08685,0.02692,0
outer,207.15,22.5679,0.78547,-1.08767,0.02734,0
outer,207.2,22.5756,0.78419,-1.08809,0.0269,0
outer,207.3,22.5838,0.78146,-1.08903,0.0288,0
outer,207.35,22.5921,0.7801,-1.08947,0.02859,0
outer,207.45,22.6085,0.77737,-1.09046,0.02931,0
outer,207.6,22.6177,0.77298,-1.0921,0.03234,0
outer,207.65,22.6264,0.77146,-1.09263,0.03219,0
outer,207.75,22.6338,0.7686,-1.09356,0.02924,0
outer,207.8,22.6428,0.76724,-1.09395,0.02828,0
outer,207.9,22.6502,0.76475,-1.09467,0.02587,0
outer,207.95,22.6587,0.76356,-1.09501,0.02481,0
outer,208.1,22.6669,0.75981,-1.09607,0.02684,0
outer,208.15,22.6759,0.75856,-1.09641,0.02591,0
outer,208.3,22.6899,0.75475,-1.09736,0.02614,0
outer,208.4,22.6986,0.75223,-1.09794,0.02546,0
outer,208.45,22.7076,0.75097,-1.09825,0.0261,0
outer,208.5,22.7161,0.74966,-1.09856,0.02691,0
outer,208.6,22.7284,0.747,-1.09916,0.02743,0
outer,208.7,22.7363,0.74434,-1.09975,0.02713,0
outer,208.75,22.7459,0.74301,-1.10005,0.02735,0
outer,208.8,22.7599,0.74166,-1.10033,0.028,0
outer,208.9,22.7667,0.73891,-1.10096,0.02835,0
outer,208.95,22.7752,0.73751,-1.10126,0.02858,0
outer,209.1,22.7845,0.73341,-1.10212,0.02753,0
outer,209.15,22.7952,0.73206,-1.10238,0.02754,0
outer,209.25,22.803,0.72931,-1.10292,0.0279,0
outer,209.3,22.8109,0.72792,-1.10318,0.02819,0
outer,209.4,22.8179,0.72515,-1.1037,0.0282,0
outer,209.45,22.8262,0.72374,-1.10396,0.02869,0
outer,209.55,22.8336,0.72088,-1.10451,0.02893,0
outer,209.65,22.8453,0.71801,-1.10502,0.02961,0
outer,209.75,22.8583,0.71505,-1.10559,0.02988,0
outer,209.9,22.8675,0.71065,-1.10648,0.02841,0
outer,209.95,22.8756,0.70922,-1.10676,0.02896,0
outer,210.1,22.8847,0.70483,-1.10769,0.02976,0
outer,210.15,22.8927,0.70339,-1.10808,0.02991,0
outer,210.2,22.908,0.70039,-1.10884,0.03117,0
outer,210.4,22.9165,0.69586,-1.10978,0.03058,0
outer,210.45,22.9251,0.69437,-1.1101,0.03051,0
outer,210.6,22.9344,0.69004,-1.11087,0.02943,0
outer,210.65,22.9429,0.68859,-1.11112,0.02948,0
outer,210.8,22.9515,0.68414,-1.11182,0.03038,0
outer,210.85,22.9595,0.68263,-1.11207,0.03079,0
outer,210.95,22.9676,0.67952,-1.11255,0.0314,0
outer,211.0,22.9756,0.67796,-1.11279,0.03162,0
outer,211.1,22.9825,0.67483,-1.11324,0.03148,0
outer,211.15,22.9927,0.67328,-1.11347,0.03138,0
outer,211.3,23.0005,0.66859,-1.11415,0.03161,0
outer,211.35,23.0083,0.66702,-1.11437,0.03161,0
outer,211.45,23.0174,0.66387,-1.1148,0.03174,0
outer,211.5,23.0256,0.66229,-1.11501,0.03171,0
outer,211.6,23.0334,0.65916,-1.1154,0.03166,0
outer,211.65,23.0428,0.6576,-1.11561,0.03161,0
outer,211.8,23.051,0.65277,-1.11628,0.03258,0
outer,211.85,23.0588,0.65118,-1.11646,0.03198,0
outer,211.95,23.0667,0.6479,-1.11686,0.0335,0
outer,212.0,23.0745,0.64627,-1.117,0.03267,0
outer,212.05,23.0835,0.64465,-1.11715,0.03263,0
outer,212.15,23.092,0.64135,-1.11749,0.03367,0
outer,212.2,23.0987,0.63975,-1.11772,0.03243,0
outer,212.25,23.106,0.63811,-1.11795,0.03316,0
outer,212.4,23.1145,0.63315,-1.11861,0.03299,0
outer,212.45,23.1246,0.63151,-1.11883,0.03309,0
outer,212.55,23.1325,0.62821,-1.11926,0.03318,0
outer,212.6,23.143,0.62659,-1.11944,0.03269,0
outer,212.75,23.1514,0.62175,-1.11998,0.03288,0
outer,212.8,23.1595,0.62006,-1.12017,0.03407,0
outer,212.9,23.1666,0.61652,-1.12058,0.03552,0
outer,212.95,23.1753,0.61476,-1.12077,0.03539,0
outer,213.05,23.1826,0.61113,-1.12118,0.03688,0
outer,213.1,23.1917,0.60932,-1.12138,0.03651,0
outer,213.2,23.1994,0.60568,-1.1218,0.03671,0
outer,213.25,23.2082,0.60385,-1.12201,0.03683,0
outer,213.4,23.2163,0.59853,-1.1226,0.03549,0
outer,213.45,23.225,0.59679,-1.12277,0.03496,0
outer,213.55,23.2392,0.59334,-1.12314,0.03461,0
outer,213.7,23.2531,0.58814,-1.12368,0.0351,0
outer,213.85,23.2625,0.58292,-1.12416,0.03479,0
outer,213.9,23.2704,0.5812,-1.12425,0.03441,0
outer,214.0,23.2778,0.57781,-1.12453,0.03386,0
outer,214.05,23.2862,0.57607,-1.12467,0.035,0
outer,214.15,23.2993,0.57253,-1.12504,0.03583,0
outer,214.2,23.3072,0.57073,-1.12521,0.03617,0
outer,214.25,23.3147,0.56897,-1.12537,0.03523,0
outer,214.35,23.3291,0.56552,-1.12566,0.03436,0
outer,214.45,23.3418,0.56215,-1.12594,0.03501,0
outer,214.55,23.3495,0.55867,-1.12623,0.03495,0
outer,214.6,23.3585,0.55684,-1.12639,0.03662,0
outer,214.7,23.3738,0.55109,-1.12694,0.03866,0
outer,214.8,23.3805,0.54918,-1.12711,0.03851,0
outer,214.85,23.391,0.54725,-1.12729,0.03875,0
outer,214.95,23.4049,0.54342,-1.12765,0.03808,0
outer,215.05,23.4126,0.53968,-1.12797,0.03712,0
outer,215.1,23.4216,0.53785,-1.12812,0.0368,0
outer,215.2,23.4343,0.53425,-1.12839,0.03587,0
outer,215.3,23.4429,0.53062,-1.12865,0.0368,0
outer,215.35,23.4507,0.52881,-1.12877,0.03637,0
outer,215.45,23.4595,0.5252,-1.12898,0.03606,0
outer,215.5,23.4684,0.52341,-1.12908,0.0359,0
outer,215.6,23.4814,0.51976,-1.12936,0.0366,0
outer,215.65,23.4912,0.51792,-1.1295,0.03705,0
outer,215.7,23.4981,0.5161,-1.12964,0.03652,0
outer,215.8,23.5107,0.51262,-1.12991,0.03511,0
outer,215.9,23.524,0.50898,-1.13018,0.03564,0
outer,216.0,23.5314,0.50547,-1.13044,0.03479,0
outer,216.05,23.542,0.50374,-1.13055,0.03453,0
outer,216.15,23.5558,0.50032,-1.13071,0.03476,0
outer,216.25,23.5681,0.49671,-1.13094,0.03662,0
outer,216.35,23.5761,0.49295,-1.13119,0.0383,0
outer,216.4,23.584,0.49098,-1.13133,0.03941,0
outer,216.5,23.5926,0.48702,-1.13162,0.03969,0
outer,216.55,23.6012,0.48507,-1.13175,0.03915,0
outer,216.65,23.6094,0.4812,-1.13202,0.0385,0
outer,216.7,23.617,0.47931,-1.13214,0.03775,0
outer,216.75,23.6242,0.47744,-1.13224,0.03746,0
outer,216.8,23.6319,0.47559,-1.13234,0.03712,0
outer,216.85,23.6406,0.47376,-1.13245,0.03659,0
outer,216.9,23.649,0.47195,-1.13252,0.03632,0
outer,217.0,23.6575,0.46835,-1.13268,0.03635,0
outer,217.05,23.6657,0.46655,-1.13277,0.03601,0
outer,217.15,23.6741,0.46294,-1.1329,0.03639,0
outer,217.2,23.6822,0.46114,-1.13292,0.0359,0
outer,217.3,23.6909,0.4576,-1.13301,0.03538,0
outer,217.35,23.7,0.45579,-1.13305,0.03609,0
outer,217.4,23.7072,0.45397,-1.13314,0.03653,0
outer,217.45,23.7141,0.45209,-1.13324,0.03757,0
outer,217.6,23.7241,0.44649,-1.13349,0.03666,0
outer,217.65,23.7324,0.44467,-1.13357,0.03649,0
outer,217.75,23.7476,0.4411,-1.13369,0.03516,0
outer,217.85,23.7581,0.43756,-1.13381,0.03588,0
outer,217.9,23.7656,0.43575,-1.13388,0.03624,0
outer,217.95,23.7742,0.43394,-1.13395,0.03628,0
outer,218.0,23.7819,0.43206,-1.13402,0.03755,0
outer,218.1,23.7912,0.42819,-1.1342,0.03915,0
outer,218.15,23.799,0.4262,-1.13429,0.03988,0
outer,218.25,23.8077,0.42219,-1.13449,0.03986,0
outer,218.3,23.8154,0.42019,-1.13459,0.03997,0
outer,218.35,23.8239,0.41821,-1.13469,0.03972,0
outer,218.4,23.8317,0.41619,-1.13479,0.04041,0
outer,218.5,23.8458,0.41223,-1.13495,0.03897,0
outer,218.65,23.8567,0.40641,-1.13518,0.03846,0
outer,218.7,23.8647,0.40449,-1.13524,0.0384,0
outer,218.8,23.8741,0.40071,-1.13536,0.03781,0
outer,218.85,23.8823,0.39884,-1.13541,0.0375,0
outer,218.95,23.8908,0.3951,-1.13556,0.03733,0
outer,219.0,23.8995,0.39322,-1.13564,0.03771,0
outer,219.1,23.9073,0.38947,-1.13581,0.03734,0
outer,219.15,23.915,0.38762,-1.13589,0.03715,0
outer,219.25,23.9242,0.38389,-1.13603,0.03716,0
outer,219.3,23.9319,0.38207,-1.13609,0.03638,0
outer,219.4,23.9408,0.37846,-1.13619,0.03628,0
outer,219.5,23.953,0.37488,-1.13628,0.03538,0
outer,219.6,23.9605,0.37129,-1.13635,0.03623,0
outer,219.65,23.9682,0.36945,-1.13638,0.03698,0
outer,219.7,23.9744,0.36755,-1.13642,0.03801,0
outer,219.75,23.9822,0.36562,-1.13647,0.03861,0
outer,219.85,23.9906,0.3617,-1.13658,0.0393,0
outer,219.9,23.9985,0.3597,-1.13661,0.04002,0
outer,220.0,24.0074,0.35573,-1.13672,0.03978,0
outer,220.05,24.0154,0.35376,-1.13678,0.03939,0
outer,220.1,24.0239,0.35178,-1.13684,0.03958,0
outer,220.15,24.0315,0.34983,-1.13689,0.03906,0
outer,220.25,24.0408,0.34595,-1.13698,0.03852,0
outer,220.3,24.0494,0.34406,-1.13703,0.03775,0
outer,220.4,24.0573,0.3403,-1.13711,0.03773,0
outer,220.45,24.065,0.33842,-1.1371,0.03764,0
outer,220.55,24.0742,0.33466,-1.13714,0.03745,0
outer,220.6,24.0825,0.33275,-1.13717,0.03825,0
outer,220.7,24.0915,0.32895,-1.13729,0.03803,0
outer,220.75,24.113,0.32702,-1.13736,0.03862,0
outer,220.85,24.1302,0.32314,-1.13748,0.03769,0
outer,221.3,24.173,0.30608,-1.13789,0.03805,0
outer,221.45,24.1943,0.30034,-1.13803,0.03855,0
outer,221.55,24.2835,0.29631,-1.13817,0.04054,0
outer,221.55,24.2851,0.29631,-1.13817,0.04054,0
outer,221.6,24.3189,0.2923,-1.13829,0.0399,0
outer,221.65,24.3334,0.2923,-1.13829,0.03967,0
outer,221.75,24.3511,0.28835,-1.13838,0.03938,0
outer,221.8,24.3692,0.28639,-1.13841,0.03924,0
outer,221.95,24.39,0.28058,-1.1385,0.03842,0
outer,222.05,24.4239,0.27673,-1.13857,0.03867,0
outer,222.05,24.4283,0.27673,-1.13857,0.03823,0
outer,222.15,24.4426,0.27288,-1.13869,0.03884,0
outer,222.25,24.4501,0.26909,-1.1388,0.03784,0
outer,222.3,24.4597,0.2672,-1.13886,0.0379,0
outer,222.4,24.4771,0.26339,-1.13896,0.03789,0
outer,222.5,24.4921,0.25968,-1.13902,0.03677,0
outer,222.6,24.5007,0.25594,-1.13907,0.03758,0
outer,222.65,24.5215,0.25409,-1.13907,0.0371,0
outer,222.7,24.5353,0.25227,-1.13909,0.03628,0
outer,222.75,24.5445,0.25044,-1.13908,0.03667,0
outer,222.9,24.5558,0.24465,-1.13913,0.03917,0
outer,222.95,24.5656,0.24266,-1.13914,0.0397,0
outer,223.05,24.5744,0.23871,-1.13919,0.03955,0
outer,223.1,24.5825,0.23674,-1.13921,0.03958,0
outer,223.15,24.5927,0.23475,-1.13924,0.03977,0
outer,223.2,24.6013,0.23277,-1.13926,0.03952,0
outer,223.3,24.6099,0.22883,-1.1393,0.03934,0
outer,223.35,24.6182,0.22689,-1.13933,0.03875,0
outer,223.45,24.6264,0.22306,-1.13935,0.03825,0
outer,223.5,24.6343,0.22116,-1.13937,0.03792,0
outer,223.6,24.6434,0.21731,-1.13943,0.0384,0
outer,223.65,24.6562,0.21537,-1.13946,0.03881,0
outer,223.9,24.675,0.20593,-1.13972,0.03736,0
outer,224.0,24.6878,0.20219,-1.13983,0.0375,0
outer,224.15,24.6967,0.1965,-1.13992,0.03826,0
outer,224.2,24.7048,0.19461,-1.13995,0.03786,0
outer,224.3,24.7144,0.19094,-1.13999,0.03683,0
outer,224.35,24.7219,0.18904,-1.13999,0.03805,0
outer,224.45,24.7358,0.18311,-1.14004,0.03968,0
outer,224.6,24.7446,0.17917,-1.14009,0.03959,0
outer,224.65,24.7518,0.17719,-1.14011,0.03949,0
outer,224.75,24.7599,0.17325,-1.14015,0.03941,0
outer,224.8,24.7687,0.17127,-1.14018,0.03954,0
outer,224.9,24.7764,0.16739,-1.1402,0.0385,0
outer,224.95,24.784,0.16549,-1.1402,0.03811,0
outer,225.0,24.7974,0.16173,-1.1402,0.03757,0
outer,225.15,24.8076,0.15793,-1.14023,0.0377,0
outer,225.2,24.8158,0.156,-1.14026,0.03849,0
outer,225.3,24.8241,0.15218,-1.14032,0.03806,0
outer,225.35,24.8317,0.15025,-1.14036,0.03847,0
outer,225.45,24.8408,0.14648,-1.14043,0.03749,0
outer,225.5,24.8486,0.14458,-1.14047,0.03793,0
outer,225.6,24.8575,0.14076,-1.14054,0.03819,0
outer,225.65,24.8657,0.13887,-1.14054,0.03784,0
outer,225.75,24.8741,0.13515,-1.14055,0.03721,0
outer,225.8,24.882,0.13327,-1.14056,0.03755,0
outer,225.9,24.8907,0.12944,-1.14061,0.03835,0
outer,225.95,24.8992,0.12747,-1.14062,0.03942,0
outer,226.05,24.9074,0.1235,-1.14067,0.03992,0
outer,226.1,24.9158,0.12151,-1.14069,0.03989,0
outer,226.2,24.9239,0.11755,-1.14075,0.03962,0
outer,226.25,24.932,0.11554,-1.14078,0.04011,0
outer,226.35,24.9406,0.11156,-1.14083,0.03961,0
outer,226.4,24.9493,0.1096,-1.14083,0.03927,0
outer,226.5,24.9598,0.10574,-1.14085,0.03847,0
outer,226.6,24.9752,0.10005,-1.14084,0.03731,0
outer,226.75,24.9828,0.09628,-1.14081,0.03776,0
outer,226.8,24.9922,0.09442,-1.1408,0.03734,0
outer,226.95,25.0007,0.08876,-1.14081,0.03757,0
outer,227.0,25.0085,0.08684,-1.14082,0.03832,0
outer,227.1,25.0176,0.08296,-1.14083,0.03875,0
outer,227.15,25.0267,0.08106,-1.14082,0.03791,0
outer,227.3,25.0357,0.07538,-1.1408,0.03791,0
outer,227.35,25.0434,0.07349,-1.1408,0.03781,0
outer,227.5,25.0525,0.06767,-1.14084,0.03948,0
outer,227.55,25.0601,0.06569,-1.14086,0.0397,0
outer,227.7,25.0688,0.05974,-1.14093,0.03964,0
outer,227.75,25.077,0.05776,-1.14095,0.03956,0
outer,227.9,25.0859,0.0518,-1.14103,0.03986,0
outer,227.95,25.0935,0.04979,-1.14107,0.04028,0
outer,228.0,25.0997,0.04779,-1.14109,0.03999,0
outer,228.05,25.109,0.04581,-1.14108,0.03945,0
outer,228.2,25.1177,0.04001,-1.14109,0.0385,0
outer,228.25,25.1261,0.0381,-1.1411,0.0381,0
outer,228.4,25.1349,0.03232,-1.14114,0.03826,0
outer,228.45,25.1425,0.03041,-1.14116,0.03834,0
outer,228.55,25.156,0.02659,-1.14122,0.03821,0
outer,228.65,25.1637,0.02275,-1.14126,0.03815,0
outer,228.7,25.1762,0.02086,-1.14127,0.03798,0
outer,228.8,25.1921,0.01711,-1.14126,0.03774,0
outer,228.9,25.1993,0.01332,-1.14129,0.03819,0
outer,228.95,25.2091,0.01139,-1.14131,0.03859,0
outer,229.1,25.2169,0.00549,-1.14137,0.03944,0
outer,229.15,25.2262,0.0035,-1.1414,0.03979,0
outer,229.25,25.2343,-0.00046,-1.14144,0.03941,0
outer,229.3,25.2422,-0.00247,-1.14148,0.04031,0
outer,229.4,25.2549,-0.00647,-1.14151,0.03987,0
outer,229.55,25.2637,-0.01233,-1.14152,0.03878,0
outer,229.6,25.2725,-0.01425,-1.14152,0.03855,0
outer,229.7,25.2818,-0.01805,-1.1415,0.03809,0
outer,229.8,25.2909,-0.02182,-1.14151,0.03781,0
outer,229.85,25.2978,-0.02373,-1.14153,0.03817,0
outer,229.95,25.3075,-0.02754,-1.14156,0.03793,0
outer,230.0,25.3153,-0.02946,-1.14158,0.03844,0
outer,230.05,25.324,-0.03142,-1.1416,0.03913,0
outer,230.1,25.3316,-0.03337,-1.14159,0.03916,0
outer,230.2,25.3407,-0.03719,-1.1416,0.03813,0
outer,230.25,25.3482,-0.03907,-1.14157,0.03748,0
outer,230.35,25.3622,-0.04278,-1.14153,0.03746,0
outer,230.45,25.3698,-0.04658,-1.14153,0.03804,0
outer,230.5,25.3773,-0.04854,-1.14153,0.03923,0
outer,230.6,25.3846,-0.0525,-1.14156,0.03982,0
outer,230.65,25.3925,-0.05451,-1.14157,0.04011,0
outer,230.7,25.4022,-0.05651,-1.14159,0.0401,0
outer,230.8,25.4098,-0.06048,-1.14161,0.03958,0
outer,230.85,25.4176,-0.06247,-1.14162,0.03975,0
outer,230.9,25.431,-0.06644,-1.14164,0.03947,0
outer,231.05,25.4406,-0.07036,-1.14164,0.03917,0
outer,231.1,25.4494,-0.07226,-1.14163,0.03815,0
outer,231.15,25.4575,-0.07416,-1.14162,0.0379,0
outer,231.2,25.4649,-0.07604,-1.14161,0.03771,0
outer,231.3,25.4741,-0.07987,-1.14161,0.03833,0
outer,231.35,25.4815,-0.08179,-1.14163,0.0384,0
outer,231.45,25.4951,-0.08564,-1.14167,0.03869,0
outer,231.55,25.5015,-0.08943,-1.14173,0.03753,0
outer,231.6,25.5099,-0.09132,-1.14175,0.03779,0
outer,231.7,25.5177,-0.09517,-1.14179,0.03839,0
outer,231.75,25.5255,-0.09706,-1.1418,0.03781,0
outer,231.85,25.5395,-0.1008,-1.14178,0.03753,0
outer,231.95,25.5525,-0.1046,-1.1418,0.03869,0
outer,232.1,25.5605,-0.1105,-1.14185,0.03974,0
outer,232.15,25.568,-0.11249,-1.14187,0.03986,0
outer,232.25,25.5762,-0.11644,-1.1419,0.03951,0
outer,232.3,25.5843,-0.11843,-1.14193,0.03985,0
outer,232.4,25.5982,-0.12241,-1.14196,0.0394,0
outer,232.5,25.6072,-0.12635,-1.14196,0.0391,0
outer,232.55,25.6151,-0.12828,-1.14193,0.03869,0
outer,232.65,25.6298,-0.13206,-1.14192,0.03751,0
outer,232.75,25.6405,-0.13589,-1.14192,0.03842,0
outer,232.8,25.6484,-0.13784,-1.14194,0.03898,0
outer,232.9,25.6611,-0.14173,-1.14199,0.03903,0
outer,233.0,25.6688,-0.14551,-1.14203,0.03759,0
outer,233.05,25.6773,-0.14739,-1.14206,0.03748,0
outer,233.2,25.6859,-0.15299,-1.14213,0.03731,0
outer,233.25,25.6938,-0.15485,-1.14215,0.03734,0
outer,233.4,25.7109,-0.1605,-1.14217,0.03779,0
outer,233.45,25.7248,-0.16242,-1.14219,0.0391,0
outer,233.6,25.7325,-0.16829,-1.14227,0.03898,0
outer,233.65,25.7422,-0.17028,-1.1423,0.03979,0
outer,233.8,25.7513,-0.17621,-1.14237,0.03926,0
outer,233.85,25.7597,-0.17815,-1.14242,0.03883,0
outer,233.95,25.7675,-0.18204,-1.14245,0.03904,0
outer,234.0,25.7764,-0.18398,-1.14244,0.03882,0
outer,234.1,25.7923,-0.1878,-1.1424,0.03834,0
outer,234.25,25.8017,-0.19342,-1.14234,0.03753,0
outer,234.3,25.8094,-0.1953,-1.14231,0.03747,0
outer,234.4,25.8167,-0.19909,-1.14229,0.03782,0
outer,234.45,25.8247,-0.20102,-1.14229,0.0387,0
outer,234.5,25.8367,-0.20293,-1.14228,0.03851,0
outer,234.65,25.8454,-0.20866,-1.14229,0.03775,0
outer,234.7,25.8536,-0.21055,-1.14231,0.03772,0
outer,234.75,25.8648,-0.21245,-1.14223,0.038,0
outer,234.85,25.8742,-0.21613,-1.14221,0.03702,0
outer,234.9,25.882,-0.21795,-1.14217,0.03628,0
outer,235.0,25.8956,-0.22158,-1.14208,0.03663,0
outer,235.1,25.9109,-0.22528,-1.14204,0.03787,0
outer,235.25,25.9187,-0.23105,-1.14197,0.03924,0
outer,235.3,25.9267,-0.23305,-1.14196,0.04001,0
outer,235.4,25.9412,-0.23701,-1.14194,0.0397,0
outer,235.55,25.9501,-0.24299,-1.14194,0.03961,0
outer,235.6,25.9594,-0.24498,-1.14194,0.03991,0
outer,235.75,25.9677,-0.2509,-1.14193,0.03934,0
outer,235.8,25.9771,-0.25284,-1.14193,0.03868,0
outer,235.95,25.9921,-0.25857,-1.14188,0.03789,0
outer,236.05,26.0014,-0.26242,-1.1419,0.0384,0
outer,236.1,26.0081,-0.26435,-1.14191,0.03857,0
outer,236.2,26.0214,-0.26808,-1.14193,0.038,0
outer,236.3,26.0288,-0.27204,-1.14195,0.03928,0
outer,236.35,26.0364,-0.27396,-1.14197,0.0384,0
outer,236.4,26.0491,-0.27585,-1.14199,0.0378,0
outer,236.5,26.0572,-0.27965,-1.142,0.03826,0
outer,236.55,26.0647,-0.28158,-1.14202,0.03857,0
outer,236.65,26.0741,-0.28549,-1.14206,0.03931,0
outer,236.7,26.0817,-0.28747,-1.14208,0.03961,0
outer,236.8,26.0909,-0.29141,-1.14213,0.03932,0
outer,236.85,26.0988,-0.2934,-1.14216,0.03972,0
outer,236.95,26.1072,-0.29734,-1.14221,0.03927,0
outer,237.0,26.1149,-0.29928,-1.14224,0.03884,0
outer,237.1,26.124,-0.30318,-1.14227,0.03899,0
outer,237.15,26.132,-0.3051,-1.14227,0.03848,0
outer,237.25,26.1406,-0.30893,-1.14227,0.03861,0
outer,237.35,26.1523,-0.31266,-1.14222,0.03696,0
outer,237.45,26.1681,-0.31639,-1.14216,0.03715,0
outer,237.55,26.1815,-0.32015,-1.14215,0.03787,0
outer,237.65,26.1924,-0.32397,-1.14216,0.03832,0
outer,237.7,26.2004,-0.32593,-1.14217,0.03915,0
outer,237.75,26.2077,-0.32788,-1.14218,0.0391,0
outer,237.8,26.2143,-0.32985,-1.14217,0.03928,0
outer,237.9,26.2244,-0.33369,-1.14214,0.03811,0
outer,237.95,26.2318,-0.33557,-1.14211,0.03773,0
outer,238.05,26.2455,-0.33932,-1.14206,0.03784,0
outer,238.2,26.2538,-0.3451,-1.14204,0.03879,0
outer,238.25,26.2609,-0.34706,-1.14203,0.03913,0
outer,238.35,26.2685,-0.35101,-1.14204,0.03932,0
outer,238.4,26.2765,-0.35303,-1.14204,0.04043,0
outer,238.5,26.2927,-0.35702,-1.14206,0.04023,0
outer,238.65,26.3008,-0.36296,-1.14207,0.03946,0
outer,238.7,26.3083,-0.36492,-1.14209,0.03936,0
outer,238.85,26.3174,-0.37082,-1.14207,0.03942,0
outer,238.9,26.3258,-0.37275,-1.14206,0.03864,0
outer,238.95,26.3318,-0.37466,-1.14204,0.03808,0
outer,239.0,26.3429,-0.37653,-1.14202,0.03742,0
outer,239.15,26.3507,-0.38221,-1.14203,0.03799,0
outer,239.2,26.3587,-0.38415,-1.14201,0.03877,0
outer,239.3,26.3656,-0.38796,-1.14202,0.03792,0
outer,239.35,26.3745,-0.38986,-1.14205,0.03798,0
outer,239.4,26.3884,-0.39371,-1.14206,0.03839,0
outer,239.55,26.4009,-0.39748,-1.14204,0.03789,0
outer,239.65,26.4085,-0.4013,-1.14203,0.03862,0
outer,239.7,26.4161,-0.40324,-1.14204,0.0388,0
outer,239.8,26.4239,-0.40713,-1.14207,0.03894,0
outer,239.85,26.4333,-0.40911,-1.14207,0.03952,0
outer,239.95,26.4406,-0.41309,-1.14211,0.03963,0
outer,240.0,26.4486,-0.41508,-1.14213,0.03981,0
outer,240.05,26.4572,-0.41707,-1.14214,0.03972,0
outer,240.1,26.4648,-0.41903,-1.14216,0.03926,0
outer,240.25,26.4743,-0.42492,-1.14217,0.03941,0
outer,240.3,26.4838,-0.42685,-1.14217,0.03857,0
outer,240.45,26.4928,-0.43263,-1.14214,0.03847,0
outer,240.5,26.5001,-0.43456,-1.14212,0.03848,0
outer,240.55,26.5072,-0.4365,-1.14212,0.03894,0
outer,240.6,26.5149,-0.43847,-1.14213,0.03923,0
outer,240.65,26.5241,-0.4404,-1.14215,0.03871,0
outer,240.7,26.532,-0.44234,-1.14218,0.03885,0
outer,240.8,26.541,-0.44624,-1.14219,0.03904,0
outer,240.85,26.5488,-0.44814,-1.1422,0.03797,0
outer,240.95,26.5578,-0.45195,-1.14219,0.03817,0
outer,241.0,26.5655,-0.45384,-1.14216,0.03785,0
outer,241.05,26.5741,-0.4557,-1.14214,0.03713,0
outer,241.1,26.5824,-0.45759,-1.1421,0.03786,0
outer,241.2,26.5909,-0.46141,-1.14207,0.0383,0
outer,241.25,26.5986,-0.46336,-1.14204,0.03914,0
outer,241.35,26.6162,-0.46731,-1.14206,0.03975,0
outer,241.4,26.626,-0.46932,-1.14205,0.04024,0
outer,241.5,26.6417,-0.4733,-1.14208,0.03972,0
outer,241.65,26.6498,-0.47923,-1.14209,0.0395,0
outer,241.7,26.6581,-0.48122,-1.14211,0.03983,0
outer,241.8,26.665,-0.48521,-1.14212,0.03944,0
outer,241.85,26.6759,-0.48717,-1.14214,0.03925,0
outer,241.95,26.683,-0.49105,-1.14213,0.03913,0
outer,242.0,26.6926,-0.493,-1.14211,0.0389,0
outer,242.1,26.6996,-0.49691,-1.14212,0.0389,0
outer,242.15,26.7083,-0.49885,-1.14213,0.03888,0
outer,242.3,26.7167,-0.50453,-1.14218,0.03742,0
outer,242.35,26.7249,-0.50644,-1.14221,0.03825,0
outer,242.45,26.7398,-0.51035,-1.14223,0.03826,0
outer,242.55,26.7476,-0.51415,-1.14222,0.03776,0
outer,242.6,26.759,-0.51604,-1.14219,0.03796,0
outer,242.7,26.7666,-0.51987,-1.1422,0.03848,0
outer,242.75,26.7757,-0.52184,-1.14221,0.03943,0
outer,242.9,26.7839,-0.52782,-1.14223,0.03973,0
outer,242.95,26.793,-0.52984,-1.14224,0.04023,0
outer,243.1,26.8084,-0.53584,-1.14223,0.03921,0
outer,243.2,26.8159,-0.53975,-1.14219,0.03892,0
outer,243.25,26.8258,-0.5417,-1.14217,0.03899,0
outer,243.4,26.8346,-0.54742,-1.14206,0.03842,0
outer,243.45,26.8436,-0.54933,-1.14201,0.03814,0
outer,243.55,26.8509,-0.55305,-1.1419,0.0373,0
outer,243.6,26.8585,-0.55488,-1.14184,0.03659,0
outer,243.75,26.8665,-0.56028,-1.14171,0.03558,0
outer,243.8,26.8756,-0.56209,-1.14168,0.03621,0
outer,243.9,26.8827,-0.56569,-1.14159,0.03576,0
outer,243.95,26.8914,-0.56747,-1.14155,0.03573,0
outer,244.05,26.9049,-0.57098,-1.14142,0.03489,0
outer,244.15,26.9187,-0.57437,-1.14131,0.03363,0
outer,244.3,26.9283,-0.57952,-1.14102,0.03495,0
outer,244.35,26.9367,-0.58124,-1.14094,0.03432,0
outer,244.45,26.9453,-0.58474,-1.14075,0.03518,0
outer,244.5,26.9551,-0.58651,-1.14066,0.03544,0
outer,244.65,26.9625,-0.59183,-1.1403,0.03525,0
outer,244.7,26.9709,-0.59359,-1.14017,0.03528,0
outer,244.8,26.9841,-0.59703,-1.13988,0.03424,0
outer,244.9,26.9923,-0.60046,-1.13961,0.03453,0
outer,245.0,27.0031,-0.60393,-1.13934,0.03489,0
outer,245.15,27.0117,-0.60914,-1.13892,0.03501,0
outer,245.2,27.0193,-0.61085,-1.13878,0.03424,0
outer,245.3,27.0267,-0.61421,-1.13845,0.03379,0
outer,245.35,27.0348,-0.61588,-1.13827,0.03352,0
outer,245.45,27.0469,-0.61926,-1.13792,0.03399,0
outer,245.55,27.0576,-0.62258,-1.13763,0.03316,0
outer,245.6,27.065,-0.62427,-1.13747,0.03396,0
outer,245.7,27.0785,-0.62763,-1.13717,0.0338,0
outer,245.8,27.0858,-0.63092,-1.13687,0.03295,0
outer,245.85,27.0934,-0.63255,-1.1367,0.03263,0
outer,245.95,27.1016,-0.63572,-1.13636,0.032,0
outer,246.0,27.1097,-0.63734,-1.13622,0.03238,0
outer,246.1,27.1253,-0.64063,-1.13593,0.03238,0
outer,246.3,27.1347,-0.6471,-1.13522,0.03268,0
outer,246.35,27.1429,-0.64871,-1.13505,0.03244,0
outer,246.5,27.1523,-0.65346,-1.13439,0.03195,0
outer,246.55,27.161,-0.65505,-1.13418,0.03205,0
outer,246.6,27.1751,-0.65661,-1.13395,0.03128,0
outer,246.7,27.1838,-0.65966,-1.13344,0.03052,0
outer,246.75,27.1902,-0.66114,-1.13322,0.02991,0
outer,246.85,27.2017,-0.66416,-1.13275,0.0307,0
outer,246.95,27.2156,-0.66718,-1.13225,0.03036,0
outer,247.05,27.2242,-0.67016,-1.13171,0.03046,0
outer,247.1,27.2316,-0.67165,-1.13143,0.03034,0
outer,247.15,27.2441,-0.67458,-1.13084,0.02996,0
outer,247.35,27.2535,-0.67905,-1.12997,0.03053,0
outer,247.4,27.2625,-0.6806,-1.12967,0.03146,0
outer,247.55,27.2707,-0.6851,-1.12873,0.0304,0
outer,247.6,27.2788,-0.68655,-1.12836,0.02992,0
outer,247.7,27.2891,-0.68935,-1.1277,0.02848,0
outer,247.8,27.2984,-0.69225,-1.12715,0.02999,0
outer,247.85,27.3094,-0.69377,-1.12687,0.03084,0
outer,247.95,27.316,-0.69688,-1.12626,0.03147,0
outer,248.0,27.3246,-0.69841,-1.12597,0.03113,0
outer,248.05,27.3372,-0.69994,-1.12568,0.03082,0
outer,248.2,27.3456,-0.70454,-1.12481,0.03163,0
outer,248.25,27.3546,-0.70604,-1.12452,0.03062,0
outer,248.35,27.3626,-0.709,-1.12387,0.03055,0
outer,248.4,27.3708,-0.71047,-1.12356,0.03008,0
outer,248.5,27.3796,-0.71341,-1.12288,0.03032,0
outer,248.55,27.3871,-0.71487,-1.12252,0.02993,0
outer,248.65,27.3948,-0.71773,-1.12183,0.02992,0
outer,248.7,27.4026,-0.71919,-1.12149,0.0299,0
outer,248.75,27.4109,-0.72061,-1.12115,0.02926,0
outer,248.85,27.4189,-0.72345,-1.12043,0.0296,0
outer,248.9,27.4266,-0.7249,-1.12007,0.02975,0
outer,248.95,27.4362,-0.7263,-1.1197,0.02898,0
outer,249.05,27.4498,-0.72909,-1.11892,0.02925,0
outer,249.15,27.4572,-0.7319,-1.11812,0.02928,0
outer,249.2,27.4649,-0.73328,-1.11774,0.02865,0
outer,249.35,27.4803,-0.7376,-1.11659,0.0302,0
outer,249.45,27.4941,-0.74046,-1.1158,0.02937,0
outer,249.55,27.5091,-0.74327,-1.11497,0.02938,0
outer,249.65,27.5162,-0.74609,-1.11415,0.02934,0
outer,249.7,27.5249,-0.74743,-1.11367,0.02846,0
outer,249.75,27.5381,-0.7501,-1.1127,0.02866,0
outer,249.9,27.5465,-0.75292,-1.11189,0.0296,0
outer,249.95,27.5548,-0.75438,-1.11146,0.0303,0
outer,250.0,27.569,-0.75732,-1.11067,0.03048,0
outer,250.15,27.5768,-0.76025,-1.10989,0.03055,0
outer,250.2,27.5845,-0.76171,-1.1095,0.0301,0
outer,250.25,27.5908,-0.7631,-1.10907,0.02915,0
outer,250.3,27.5988,-0.76446,-1.10862,0.02871,0
outer,250.4,27.6125,-0.76703,-1.10777,0.02655,0
outer,250.5,27.6197,-0.76966,-1.1069,0.02827,0
outer,250.55,27.6276,-0.77098,-1.10645,0.0279,0
outer,250.65,27.6347,-0.77357,-1.10553,0.02775,0
outer,250.7,27.6428,-0.77484,-1.10504,0.0273,0
outer,250.8,27.6508,-0.77731,-1.1041,0.02666,0
outer,250.9,27.6627,-0.77981,-1.10317,0.0268,0
outer,251.0,27.6765,-0.78239,-1.10218,0.02786,0
outer,251.1,27.683,-0.78498,-1.10116,0.02796,0
outer,251.15,27.6918,-0.78626,-1.10065,0.02769,0
outer,251.25,27.6998,-0.78882,-1.0996,0.02759,0
outer,251.35,27.7116,-0.79144,-1.09853,0.02826,0
outer,251.45,27.7253,-0.79402,-1.09746,0.02809,0
outer,251.6,27.7336,-0.79789,-1.09584,0.02791,0
outer,251.65,27.7417,-0.79922,-1.09529,0.02874,0
outer,251.75,27.7498,-0.80184,-1.09417,0.02833,0
outer,251.8,27.7585,-0.80314,-1.0936,0.02833,0
outer,251.9,27.7722,-0.80578,-1.09245,0.02894,0
outer,252.0,27.7843,-0.80845,-1.09127,0.02927,0
outer,252.05,27.7907,-0.80978,-1.09069,0.029,0
outer,252.1,27.7986,-0.81111,-1.0901,0.02909,0
outer,252.2,27.8075,-0.81379,-1.08893,0.02915,0
outer,252.25,27.8151,-0.81508,-1.0883,0.02854,0
outer,252.35,27.8297,-0.81764,-1.08702,0.02867,0
outer,252.5,27.8446,-0.82169,-1.08531,0.02926,0
outer,252.6,27.8519,-0.82433,-1.08419,0.02907,0
outer,252.65,27.86,-0.82566,-1.08359,0.02911,0
outer,252.75,27.8745,-0.82947,-1.08184,0.02793,0
outer,252.9,27.8833,-0.83196,-1.08067,0.02782,0
outer,252.95,27.8925,-0.83321,-1.08009,0.02742,0
outer,253.05,27.9,-0.83563,-1.07887,0.02722,0
outer,253.1,27.9084,-0.83683,-1.07829,0.02668,0
outer,253.2,27.9159,-0.83922,-1.07709,0.02697,0
outer,253.25,27.926,-0.84039,-1.0765,0.02638,0
outer,253.4,27.9348,-0.84389,-1.07465,0.02698,0
outer,253.45,27.9437,-0.84509,-1.07403,0.027,0
outer,253.55,27.951,-0.84749,-1.07279,0.02751,0
outer,253.6,27.9589,-0.84871,-1.07214,0.02756,0
outer,253.65,27.9737,-0.84994,-1.07149,0.02733,0
outer,253.8,27.9881,-0.85356,-1.06954,0.02727,0
outer,253.95,27.9968,-0.85712,-1.06754,0.02732,0
outer,254.0,28.0047,-0.85829,-1.06688,0.02688,0
outer,254.15,28.0138,-0.86176,-1.06486,0.02711,0
outer,254.2,28.0212,-0.86291,-1.06417,0.02676,0
outer,254.25,28.0273,-0.86403,-1.0635,0.02612,0
outer,254.3,28.035,-0.86518,-1.06282,0.02672,0
outer,254.4,28.0483,-0.86753,-1.06141,0.02762,0
outer,254.45,28.0571,-0.8687,-1.06069,0.02748,0
outer,254.5,28.065,-0.86989,-1.05997,0.02792,0
outer,254.55,28.0741,-0.87108,-1.05925,0.02774,0
outer,254.6,28.0825,-0.87228,-1.05852,0.02818,0
outer,254.7,28.0909,-0.87466,-1.05707,0.0277,0
outer,254.75,28.0986,-0.87582,-1.05635,0.02726,0
outer,254.85,28.1074,-0.87827,-1.05493,0.02822,0
outer,254.9,28.1153,-0.87949,-1.05418,0.02865,0
outer,255.0,28.1249,-0.882,-1.05273,0.02844,0
outer,255.05,28.137,-0.88331,-1.05209,0.02931,0
outer,255.2,28.1456,-0.88717,-1.04993,0.02933,0
outer,255.25,28.1541,-0.88841,-1.04921,0.02885,0
outer,255.35,28.161,-0.89073,-1.04776,0.02712,0
outer,255.4,28.169,-0.89185,-1.04707,0.02626,0
outer,255.5,28.1828,-0.89392,-1.04571,0.02438,0
outer,255.6,28.1908,-0.89593,-1.04434,0.02494,0
outer,255.65,28.1992,-0.89695,-1.04364,0.02466,0
outer,255.7,28.2074,-0.89794,-1.04296,0.02396,0
outer,255.75,28.2154,-0.89887,-1.04231,0.02279,0
outer,255.85,28.2241,-0.90075,-1.04092,0.02393,0
outer,255.9,28.2324,-0.90172,-1.0402,0.02419,0
outer,256.0,28.2406,-0.90368,-1.03876,0.02445,0
outer,256.05,28.2488,-0.90469,-1.03802,0.02516,0
outer,256.1,28.2572,-0.90572,-1.03727,0.02544,0
outer,256.15,28.2647,-0.90677,-1.03648,0.02628,0
outer,256.25,28.2741,-0.90879,-1.03495,0.02485,0
outer,256.3,28.2832,-0.9098,-1.03417,0.02556,0
outer,256.4,28.2911,-0.91183,-1.0326,0.02544,0
outer,256.45,28.299,-0.91286,-1.03181,0.02593,0
outer,256.5,28.3071,-0.9139,-1.03101,0.02619,0
outer,256.55,28.3145,-0.91494,-1.03019,0.02654,0
outer,256.65,28.324,-0.91701,-1.02857,0.02622,0
outer,256.75,28.3359,-0.91906,-1.02693,0.02622,0
outer,256.85,28.3435,-0.92109,-1.0253,0.02609,0
outer,256.9,28.3512,-0.92211,-1.02447,0.02631,0
outer,256.95,28.3645,-0.9242,-1.02276,0.0272,0
outer,257.05,28.374,-0.92527,-1.02191,0.02746,0
outer,257.1,28.3818,-0.92632,-1.02104,0.02709,0
outer,257.15,28.3907,-0.9274,-1.02017,0.02768,0
outer,257.2,28.3983,-0.92847,-1.01929,0.02775,0
outer,257.3,28.4075,-0.93065,-1.01752,0.02796,0
outer,257.35,28.415,-0.9317,-1.01664,0.02728,0
outer,257.45,28.4242,-0.93385,-1.01488,0.02758,0
outer,257.5,28.4328,-0.93488,-1.01397,0.02748,0
outer,257.6,28.4408,-0.93686,-1.01218,0.02616,0
outer,257.65,28.4489,-0.93785,-1.01129,0.02676,0
outer,257.7,28.4578,-0.93894,-1.01039,0.02824,0
outer,257.75,28.4654,-0.94004,-1.00951,0.02821,0
outer,257.85,28.4745,-0.94221,-1.00779,0.0278,0
outer,257.9,28.4823,-0.94326,-1.00691,0.02733,0
outer,258.0,28.4906,-0.94532,-1.00516,0.02734,0
outer,258.05,28.4988,-0.94636,-1.0043,0.02702,0
outer,258.1,28.5078,-0.94738,-1.00344,0.02656,0
outer,258.15,28.5155,-0.94836,-1.00258,0.02614,0
outer,258.2,28.5239,-0.94934,-1.00172,0.02616,0
outer,258.25,28.5317,-0.95032,-1.00085,0.0261,0
outer,258.35,28.5409,-0.95231,-0.9991,0.02698,0
outer,258.4,28.5485,-0.95328,-0.9982,0.02651,0
outer,258.5,28.5575,-0.95516,-0.99646,0.02573,0
outer,258.55,28.5652,-0.95609,-0.99565,0.02469,0
outer,258.65,28.5741,-0.95797,-0.99394,0.02574,0
outer,258.7,28.5821,-0.95892,-0.99307,0.02596,0
outer,258.75,28.5937,-0.95987,-0.9922,0.02572,0
outer,258.85,28.602,-0.96171,-0.99043,0.02554,0
outer,258.9,28.6101,-0.96261,-0.98954,0.02528,0
outer,259.0,28.626,-0.96529,-0.98686,0.02536,0
outer,259.15,28.6406,-0.96706,-0.98505,0.02488,0
outer,259.3,28.6498,-0.96972,-0.98232,0.02578,0
outer,259.35,28.6581,-0.97063,-0.98139,0.02606,0
outer,259.45,28.6724,-0.97243,-0.9795,0.02584,0
outer,259.6,28.6808,-0.97507,-0.97671,0.02572,0
outer,259.65,28.6919,-0.97595,-0.97576,0.02599,0
outer,259.75,28.6996,-0.97773,-0.97384,0.02594,0
outer,259.8,28.7086,-0.97863,-0.97286,0.0265,0
outer,259.95,28.7262,-0.98131,-0.96993,0.02623,0
outer,260.1,28.742,-0.98404,-0.96689,0.027,0
outer,260.2,28.7558,-0.98579,-0.96472,0.02807,0
outer,260.35,28.7639,-0.98872,-0.96167,0.02696,0
outer,260.4,28.7727,-0.98968,-0.96068,0.02762,0
outer,260.5,28.7788,-0.99167,-0.95866,0.02811,0
outer,260.55,28.7866,-0.99281,-0.95769,0.02991,0
outer,260.65,28.7949,-0.99512,-0.95556,0.03219,0
outer,260.7,28.8027,-0.99626,-0.95447,0.03171,0
outer,260.8,28.81,-0.99829,-0.95238,0.02848,0
outer,260.85,28.8185,-0.99923,-0.95138,0.02748,0
outer,260.95,28.826,-1.00102,-0.94941,0.02643,0
outer,261.0,28.8339,-1.00186,-0.94844,0.02561,0
outer,261.1,28.8479,-1.00335,-0.94674,0.02187,0
outer,261.2,28.8573,-1.00469,-0.94501,0.02222,0
outer,261.25,28.8658,-1.00541,-0.94419,0.02176,0
outer,261.35,28.8785,-1.00684,-0.94256,0.02168,0
outer,261.45,28.8858,-1.00818,-0.94084,0.02219,0
outer,261.5,28.894,-1.00885,-0.93999,0.02148,0
outer,261.6,28.9018,-1.01009,-0.93826,0.02151,0
outer,261.7,28.9131,-1.01133,-0.93652,0.02123,0
outer,261.75,28.9273,-1.01253,-0.93473,0.02184,0
outer,261.9,28.9357,-1.01374,-0.93292,0.02169,0
outer,261.95,28.9436,-1.01435,-0.93199,0.02231,0
outer,262.05,28.952,-1.01558,-0.93013,0.02193,0
outer,262.1,28.9605,-1.01621,-0.92917,0.02309,0
outer,262.2,28.9679,-1.01751,-0.92721,0.02331,0
outer,262.25,28.9763,-1.01813,-0.92623,0.02321,0
outer,262.35,28.9921,-1.01949,-0.92414,0.02526,0
outer,262.45,29.0089,-1.02156,-0.92097,0.02495,0
outer,262.6,29.0251,-1.02297,-0.91878,0.02652,0
outer,262.7,29.0419,-1.02514,-0.91548,0.02592,0
outer,262.85,29.0496,-1.02662,-0.91325,0.02694,0
outer,262.9,29.0597,-1.02733,-0.91215,0.02628,0
outer,262.95,29.0746,-1.02881,-0.90992,0.0271,0
outer,263.05,29.0824,-1.02962,-0.90873,0.02876,0
outer,263.1,29.0937,-1.03046,-0.90751,0.02953,0
outer,263.2,29.1016,-1.03217,-0.90513,0.02836,0
outer,263.25,29.1153,-1.03294,-0.90398,0.02755,0
outer,263.35,29.1243,-1.03441,-0.90183,0.02627,0
outer,263.4,29.1321,-1.03512,-0.90072,0.0263,0
outer,263.5,29.1409,-1.03649,-0.8986,0.0256,0
outer,263.55,29.149,-1.03723,-0.89755,0.02563,0
outer,263.65,29.1575,-1.03871,-0.89539,0.02679,0
inner,8.6,0.0041,-0.94,-0.51503,0.0,0
inner,8.75,0.0263,-0.94,-0.51503,1e-05,0
inner,8.9,0.035,-0.94,-0.51503,0.0,0
inner,9.0,0.0429,-0.94,-0.51503,1e-05,0
inner,9.1,0.0499,-0.94,-0.51503,0.0,0
inner,9.25,0.0612,-0.94,-0.51503,0.0,0
inner,9.4,0.0698,-0.94,-0.51503,1e-05,0
inner,9.5,0.0777,-0.94,-0.51503,1e-05,0
inner,9.65,0.0881,-0.94,-0.51503,1e-05,0
inner,9.7,0.095,-0.94,-0.51503,0.0,0
inner,9.85,0.1047,-0.94,-0.51503,1e-05,0
inner,9.9,0.1122,-0.94,-0.51503,0.0,0
inner,10.0,0.1195,-0.94,-0.51503,0.0,0
inner,10.1,0.1257,-0.94,-0.51503,0.0,0
inner,10.25,0.1345,-0.94,-0.51503,0.0,0
inner,10.4,0.1455,-0.94,-0.51503,0.0,0
inner,10.55,0.1546,-0.94,-0.51503,1e-05,0
inner,10.6,0.1628,-0.94,-0.51503,1e-05,0
inner,10.7,0.1709,-0.94,-0.51503,1e-05,0
inner,10.8,0.179,-0.94,-0.51503,0.0,0
inner,10.95,0.1866,-0.94,-0.51503,1e-05,0
inner,11.05,0.1958,-0.94,-0.51503,1e-05,0
inner,11.2,0.2044,-0.94,-0.51503,0.0,0
inner,11.3,0.2131,-0.94,-0.51503,0.0,0
inner,11.45,0.2223,-0.94,-0.51503,2e-05,0
inner,11.55,0.2306,-0.94,-0.51503,0.0,0
inner,11.7,0.239,-0.94,-0.51503,0.0,0
inner,11.8,0.2471,-0.94,-0.51503,0.0,0
inner,11.95,0.2562,-0.94,-0.51503,0.0,0
inner,12.05,0.2664,-0.94,-0.51503,0.0,0
inner,12.15,0.2727,-0.94,-0.51503,1e-05,0
inner,12.25,0.2813,-0.94,-0.51503,1e-05,0
inner,12.35,0.2889,-0.94,-0.51503,1e-05,0
inner,12.4,0.2953,-0.94,-0.51503,1e-05,0
inner,12.5,0.3026,-0.94,-0.51503,1e-05,0
inner,12.65,0.3121,-0.94,-0.51503,0.0,0
inner,12.75,0.3187,-0.94,-0.51503,1e-05,0
inner,12.9,0.3289,-0.94,-0.51503,0.0,0
inner,13.05,0.3382,-0.94,-0.51503,0.0,0
inner,13.15,0.3755,-0.94,-0.51503,0.0,0
inner,13.15,0.3765,-0.94,-0.51503,0.0,0
inner,13.2,0.3841,-0.94,-0.51503,1e-05,0
inner,13.3,0.3917,-0.94,-0.51503,1e-05,0
inner,13.45,0.4008,-0.94,-0.51503,1e-05,0
inner,13.5,0.4067,-0.94,-0.51503,0.0,0
inner,13.6,0.415,-0.94,-0.51503,1e-05,0
inner,13.7,0.4268,-0.94007,-0.51504,0.00136,0
inner,13.8,0.4387,-0.93997,-0.51282,0.01596,0
inner,13.85,0.4482,-0.94001,-0.51222,0.01195,0
inner,13.9,0.4565,-0.94003,-0.51136,0.01714,0
inner,14.0,0.469,-0.94002,-0.50863,0.03081,0
inner,14.05,0.4821,-0.93996,-0.50514,0.03542,0
inner,14.2,0.4963,-0.93992,-0.50146,0.03705,0
inner,14.3,0.5097,-0.93994,-0.49767,0.03818,0
inner,14.4,0.5242,-0.93999,-0.49378,0.03923,0
inner,14.5,0.5365,-0.94003,-0.48988,0.03912,0
inner,14.55,0.5466,-0.94002,-0.48795,0.03859,0
inner,14.6,0.5572,-0.94004,-0.48605,0.03795,0
inner,14.7,0.5706,-0.94003,-0.4822,0.03835,0
inner,14.8,0.5837,-0.94002,-0.47829,0.03901,0
inner,14.9,0.5973,-0.94,-0.47437,0.03919,0
inner,15.0,0.6133,-0.94001,-0.47044,0.03947,0
inner,15.1,0.6253,-0.94,-0.46643,0.04028,0
inner,15.15,0.6358,-0.93997,-0.46442,0.04012,0
inner,15.25,0.6495,-0.93996,-0.46044,0.03981,0
inner,15.35,0.6636,-0.94003,-0.45691,0.035,0
inner,15.45,0.671,-0.94002,-0.45331,0.03607,0
inner,15.5,0.6807,-0.94006,-0.4515,0.03619,0
inner,15.65,0.6887,-0.94005,-0.44606,0.03621,0
inner,15.7,0.6972,-0.94006,-0.44427,0.03594,0
inner,15.85,0.7057,-0.94,-0.43894,0.03546,0
inner,15.9,0.7136,-0.93998,-0.43716,0.03566,0
inner,16.0,0.7206,-0.93996,-0.43345,0.03754,0
inner,16.05,0.729,-0.93997,-0.43154,0.03822,0
inner,16.1,0.7374,-0.93997,-0.42964,0.03802,0
inner,16.2,0.7456,-0.93996,-0.42585,0.03767,0
inner,16.25,0.7534,-0.93995,-0.42393,0.03848,0
inner,16.4,0.7684,-0.93993,-0.41804,0.03923,0
inner,16.45,0.7785,-0.93993,-0.41604,0.03993,0
inner,16.5,0.7848,-0.93992,-0.41407,0.03955,0
inner,16.55,0.7933,-0.93992,-0.4121,0.03928,0
inner,16.7,0.8066,-0.93997,-0.40613,0.04011,0
inner,16.8,0.8143,-0.94002,-0.40213,0.03972,0
inner,16.85,0.8225,-0.94006,-0.40015,0.03963,0
inner,16.9,0.8291,-0.94009,-0.39816,0.03981,0
inner,16.95,0.8368,-0.94011,-0.39619,0.0393,0
inner,17.0,0.8454,-0.94011,-0.39425,0.03884,0
inner,17.05,0.854,-0.94009,-0.39234,0.03831,0
inner,17.15,0.8624,-0.94008,-0.38858,0.03725,0
inner,17.2,0.8699,-0.94005,-0.38676,0.03636,0
inner,17.3,0.8793,-0.94002,-0.38319,0.03554,0
inner,17.35,0.8868,-0.93999,-0.38136,0.03641,0
inner,17.45,0.8958,-0.93996,-0.37764,0.03772,0
inner,17.5,0.9039,-0.93997,-0.37573,0.03826,0
inner,17.6,0.912,-0.94,-0.3718,0.03899,0
inner,17.65,0.9203,-0.94002,-0.36983,0.03936,0
inner,17.7,0.9285,-0.94003,-0.36792,0.03812,0
inner,17.75,0.9361,-0.94002,-0.36598,0.03885,0
inner,17.85,0.9453,-0.94,-0.36207,0.03917,0
inner,17.9,0.9541,-0.93999,-0.36012,0.03902,0
inner,18.0,0.962,-0.93998,-0.35619,0.03928,0
inner,18.05,0.9694,-0.93997,-0.35424,0.03906,0
inner,18.15,0.9788,-0.93995,-0.3503,0.03955,0
inner,18.2,0.9864,-0.93993,-0.3483,0.03996,0
inner,18.3,0.9957,-0.93992,-0.3443,0.03989,0
inner,18.35,1.0036,-0.93992,-0.3423,0.03997,0
inner,18.45,1.0121,-0.93996,-0.33834,0.03961,0
inner,18.5,1.02,-0.93996,-0.33639,0.03898,0
inner,18.6,1.0288,-0.93997,-0.33256,0.038,0
inner,18.65,1.0371,-0.93996,-0.3307,0.03731,0
inner,18.75,1.0454,-0.93994,-0.32704,0.03617,0
inner,18.85,1.0569,-0.93989,-0.32348,0.03512,0
inner,19.0,1.0672,-0.93982,-0.31817,0.0356,0
inner,19.05,1.0768,-0.93978,-0.31634,0.03648,0
inner,19.15,1.0892,-0.9398,-0.3126,0.03732,0
inner,19.25,1.0976,-0.93979,-0.30889,0.03707,0
inner,19.3,1.1057,-0.93976,-0.30699,0.03793,0
inner,19.35,1.1124,-0.93974,-0.30504,0.03903,0
inner,19.4,1.12,-0.9397,-0.30305,0.03971,0
inner,19.5,1.1289,-0.93968,-0.29907,0.03989,0
inner,19.55,1.1363,-0.93968,-0.29706,0.04021,0
inner,19.65,1.1453,-0.93968,-0.29303,0.04014,0
inner,19.7,1.1549,-0.93967,-0.29103,0.04003,0
inner,19.8,1.1642,-0.9397,-0.28704,0.03968,0
inner,19.85,1.1718,-0.93973,-0.28502,0.04044,0
inner,19.9,1.1848,-0.93977,-0.28301,0.0399,0
inner,20.05,1.1954,-0.93992,-0.277,0.03981,0
inner,20.1,1.2034,-0.93996,-0.27506,0.03881,0
inner,20.2,1.2122,-0.94001,-0.27125,0.03795,0
inner,20.25,1.2201,-0.94001,-0.2694,0.03713,0
inner,20.35,1.2334,-0.94002,-0.26571,0.03741,0
inner,20.45,1.2406,-0.94004,-0.26186,0.03892,0
inner,20.5,1.2497,-0.94006,-0.25991,0.03905,0
inner,20.6,1.2569,-0.94011,-0.25599,0.03899,0
inner,20.65,1.2644,-0.94014,-0.25401,0.0397,0
inner,20.75,1.2717,-0.94021,-0.25004,0.03939,0
inner,20.8,1.2801,-0.94023,-0.2481,0.03888,0
inner,20.95,1.2893,-0.94025,-0.24236,0.03797,0
inner,21.0,1.2984,-0.94029,-0.24048,0.03746,0
inner,21.1,1.3062,-0.94029,-0.23663,0.03874,0
inner,21.15,1.3139,-0.9403,-0.23466,0.03935,0
inner,21.3,1.3298,-0.94029,-0.22879,0.03904,0
inner,21.45,1.3393,-0.9403,-0.22291,0.03935,0
inner,21.5,1.3483,-0.94027,-0.22094,0.03941,0
inner,21.65,1.3575,-0.94029,-0.21507,0.03941,0
inner,21.7,1.3652,-0.94032,-0.21312,0.03903,0
inner,21.8,1.3735,-0.94033,-0.2093,0.03771,0
inner,21.85,1.382,-0.94031,-0.20745,0.03718,0
inner,21.95,1.3973,-0.94023,-0.20381,0.03648,0
inner,22.05,1.4047,-0.9402,-0.20007,0.03784,0
inner,22.1,1.4135,-0.94018,-0.19816,0.03816,0
inner,22.25,1.4223,-0.94017,-0.1923,0.03901,0
inner,22.3,1.4306,-0.94017,-0.19034,0.03927,0
inner,22.4,1.4383,-0.94013,-0.18649,0.03823,0
inner,22.45,1.4474,-0.9401,-0.18458,0.0382,0
inner,22.6,1.4554,-0.94005,-0.17872,0.03913,0
inner,22.65,1.4631,-0.94002,-0.17678,0.03882,0
inner,22.75,1.4703,-0.93999,-0.17287,0.03911,0
inner,22.8,1.4796,-0.93998,-0.17085,0.04032,0
inner,22.9,1.4941,-0.93998,-0.16682,0.04044,0
inner,23.0,1.5075,-0.94006,-0.16081,0.03949,0
inner,23.15,1.5164,-0.9401,-0.15693,0.03836,0
inner,23.2,1.5256,-0.94009,-0.15504,0.03784,0
inner,23.35,1.5406,-0.94005,-0.14961,0.03535,0
inner,23.45,1.5535,-0.93998,-0.14605,0.03592,0
inner,23.55,1.5626,-0.93994,-0.14238,0.03738,0
inner,23.6,1.571,-0.93994,-0.14048,0.038,0
inner,23.7,1.579,-0.93996,-0.13657,0.03905,0
inner,23.75,1.5873,-0.93997,-0.13463,0.03889,0
inner,23.8,1.5958,-0.93996,-0.13271,0.03836,0
inner,23.85,1.6041,-0.93995,-0.13077,0.03889,0
inner,23.9,1.6123,-0.93995,-0.12881,0.03912,0
inner,23.95,1.6197,-0.93993,-0.12685,0.03931,0
inner,24.0,1.6311,-0.93992,-0.12488,0.03933,0
inner,24.15,1.6385,-0.93991,-0.11896,0.03981,0
inner,24.2,1.647,-0.93989,-0.11694,0.04029,0
inner,24.3,1.6545,-0.93989,-0.11295,0.03972,0
inner,24.35,1.6629,-0.93992,-0.11095,0.04012,0
inner,24.4,1.6695,-0.93992,-0.10896,0.03982,0
inner,24.45,1.6794,-0.93996,-0.10695,0.04026,0
inner,24.55,1.6956,-0.94003,-0.10293,0.039,0
inner,24.7,1.7034,-0.94006,-0.09717,0.03767,0
inner,24.75,1.7129,-0.94004,-0.0953,0.03736,0
inner,24.85,1.7204,-0.94002,-0.09167,0.03592,0
inner,24.9,1.7304,-0.93999,-0.0899,0.03542,0
inner,25.0,1.7376,-0.93994,-0.08638,0.03508,0
inner,25.05,1.7462,-0.93993,-0.08457,0.03605,0
inner,25.2,1.7554,-0.93992,-0.07894,0.03852,0
inner,25.25,1.7641,-0.9399,-0.07699,0.03892,0
inner,25.4,1.7726,-0.93996,-0.0711,0.03934,0
inner,25.45,1.7806,-0.93997,-0.06917,0.0388,0
inner,25.6,1.7895,-0.93996,-0.06346,0.03779,0
inner,25.65,1.797,-0.93995,-0.06155,0.03826,0
inner,25.8,1.8133,-0.93995,-0.0556,0.03953,0
inner,25.9,1.8206,-0.93996,-0.05163,0.03963,0
inner,25.95,1.831,-0.93996,-0.04963,0.04005,0
inner,26.1,1.8395,-0.94001,-0.04366,0.03927,0
inner,26.15,1.8472,-0.94001,-0.04169,0.03948,0
inner,26.25,1.8554,-0.94006,-0.03776,0.0392,0
inner,26.3,1.864,-0.94011,-0.03582,0.03875,0
inner,26.35,1.8705,-0.94016,-0.03392,0.03806,0
inner,26.4,1.8793,-0.9402,-0.03205,0.03746,0
inner,26.5,1.8865,-0.94022,-0.02841,0.036,0
inner,26.55,1.8964,-0.94021,-0.0266,0.03631,0
inner,26.7,1.9053,-0.94023,-0.0209,0.03897,0
inner,26.75,1.9139,-0.94023,-0.01894,0.03915,0
inner,26.85,1.9223,-0.94026,-0.01501,0.03936,0
inner,26.9,1.9312,-0.94026,-0.01306,0.03907,0
inner,27.05,1.9405,-0.94023,-0.00735,0.0376,0
inner,27.1,1.9489,-0.94022,-0.00547,0.03772,0
inner,27.25,1.9574,-0.94017,0.00037,0.03912,0
inner,27.3,1.9654,-0.94016,0.0023,0.03856,0
inner,27.45,1.9745,-0.94012,0.00818,0.0393,0
inner,27.5,1.9825,-0.94011,0.01016,0.03954,0
inner,27.6,1.9897,-0.94011,0.01414,0.03995,0
inner,27.65,1.9975,-0.94013,0.01613,0.03987,0
inner,27.7,2.0045,-0.94015,0.01816,0.04056,0
inner,27.75,2.0133,-0.94016,0.02012,0.03915,0
inner,27.9,2.0214,-0.94016,0.02585,0.03745,0
inner,27.95,2.0304,-0.94013,0.02767,0.03636,0
inner,28.1,2.0394,-0.94008,0.03302,0.03552,0
inner,28.15,2.0473,-0.94007,0.03482,0.03614,0
inner,28.25,2.0555,-0.94005,0.03852,0.03728,0
inner,28.3,2.0632,-0.94005,0.04041,0.0379,0
inner,28.4,2.0705,-0.94011,0.04427,0.03869,0
inner,28.45,2.0828,-0.94012,0.04622,0.039,0
inner,28.6,2.0906,-0.94011,0.05195,0.03763,0
inner,28.65,2.099,-0.94011,0.05386,0.03832,0
inner,28.8,2.1124,-0.9401,0.05978,0.03949,0
inner,28.85,2.1226,-0.94009,0.06173,0.03926,0
inner,29.0,2.1367,-0.94008,0.06768,0.04006,0
inner,29.1,2.1456,-0.9401,0.07168,0.03979,0
inner,29.15,2.153,-0.94012,0.0737,0.04034,0
inner,29.3,2.1703,-0.9402,0.07966,0.03923,0
inner,29.35,2.1788,-0.9402,0.08159,0.03847,0
inner,29.4,2.1872,-0.94018,0.08345,0.03729,0
inner,29.5,2.1955,-0.94015,0.08709,0.03607,0
inner,29.55,2.2032,-0.94012,0.08886,0.03542,0
inner,29.65,2.2125,-0.94006,0.09237,0.03496,0
inner,29.7,2.2194,-0.94004,0.09415,0.03548,0
inner,29.8,2.2289,-0.94004,0.09778,0.03694,0
inner,29.85,2.2368,-0.94005,0.09968,0.03801,0
inner,29.95,2.2454,-0.94009,0.10355,0.03882,0
inner,30.0,2.253,-0.9401,0.10548,0.03858,0
inner,30.1,2.2624,-0.94009,0.10929,0.03798,0
inner,30.15,2.2703,-0.94009,0.11122,0.03867,0
inner,30.25,2.2836,-0.94008,0.11515,0.03955,0
inner,30.4,2.2914,-0.94007,0.12108,0.03956,0
inner,30.45,2.2996,-0.94006,0.12305,0.03952,0
inner,30.55,2.3075,-0.94007,0.12701,0.03972,0
inner,30.6,2.3152,-0.94008,0.12903,0.04051,0
inner,30.7,2.3312,-0.94012,0.13302,0.03956,0
inner,30.85,2.3396,-0.94009,0.13882,0.03793,0
inner,30.9,2.3469,-0.94006,0.14067,0.03713,0
inner,31.0,2.3546,-0.94002,0.1443,0.03628,0
inner,31.05,2.3634,-0.93998,0.14607,0.0354,0
inner,31.15,2.3777,-0.93993,0.14962,0.03568,0
inner,31.25,2.3849,-0.93993,0.15328,0.03717,0
inner,31.3,2.3923,-0.93993,0.15519,0.03819,0
inner,31.4,2.4004,-0.93997,0.15909,0.03917,0
inner,31.45,2.4089,-0.93998,0.16104,0.03907,0
inner,31.5,2.4223,-0.93999,0.16297,0.03906,0
inner,31.6,2.4296,-0.93997,0.16688,0.03909,0
inner,31.65,2.4372,-0.93996,0.16885,0.03948,0
inner,31.7,2.4505,-0.93995,0.17279,0.03926,0
inner,31.8,2.4573,-0.93994,0.17475,0.03921,0
inner,31.85,2.4658,-0.93993,0.17673,0.03956,0
inner,31.95,2.4741,-0.93996,0.1807,0.04001,0
inner,32.05,2.4866,-0.93997,0.18472,0.0402,0
inner,32.15,2.4955,-0.94,0.18867,0.03955,0
inner,32.2,2.503,-0.94004,0.19063,0.03928,0
inner,32.3,2.5122,-0.94011,0.19458,0.03939,0
inner,32.35,2.5205,-0.94018,0.1965,0.03843,0
inner,32.45,2.5288,-0.94025,0.20024,0.03728,0
inner,32.5,2.5368,-0.94027,0.20206,0.03644,0
inner,32.6,2.5453,-0.94027,0.20563,0.03556,0
inner,32.65,2.5536,-0.94029,0.20738,0.03508,0
inner,32.75,2.562,-0.94025,0.21086,0.03493,0
inner,32.8,2.5705,-0.94023,0.21264,0.03547,0
inner,32.9,2.579,-0.94022,0.21627,0.0371,0
inner,32.95,2.5872,-0.94023,0.21818,0.03827,0
inner,33.05,2.5955,-0.94026,0.22211,0.0393,0
inner,33.1,2.604,-0.94029,0.22407,0.03922,0
inner,33.15,2.6123,-0.9403,0.22598,0.03816,0
inner,33.2,2.6203,-0.94029,0.22791,0.03852,0
inner,33.3,2.6286,-0.94027,0.23178,0.0386,0
inner,33.35,2.6357,-0.94027,0.23373,0.03915,0
inner,33.45,2.6456,-0.94026,0.23769,0.03967,0
inner,33.5,2.653,-0.94024,0.23963,0.03877,0
inner,33.55,2.6619,-0.94023,0.24157,0.03884,0
inner,33.6,2.6699,-0.94019,0.24355,0.03959,0
inner,33.65,2.6789,-0.94018,0.24554,0.03969,0
inner,33.7,2.6865,-0.94017,0.24753,0.03985,0
inner,33.8,2.6956,-0.94022,0.25153,0.04007,0
inner,33.85,2.7029,-0.94022,0.25348,0.03898,0
inner,33.95,2.7122,-0.9402,0.25733,0.03825,0
inner,34.0,2.7206,-0.94017,0.25919,0.03715,0
inner,34.1,2.7289,-0.94014,0.26281,0.03631,0
inner,34.15,2.7371,-0.9401,0.2646,0.03568,0
inner,34.25,2.7456,-0.94004,0.2681,0.03489,0
inner,34.3,2.7531,-0.94001,0.26989,0.03582,0
inner,34.4,2.7623,-0.93998,0.27353,0.03724,0
inner,34.45,2.7704,-0.94,0.27542,0.03767,0
inner,34.55,2.7783,-0.94003,0.27928,0.03882,0
inner,34.6,2.7869,-0.94003,0.28122,0.03882,0
inner,34.7,2.8003,-0.94003,0.28504,0.03859,0
inner,34.8,2.8086,-0.94002,0.28899,0.03976,0
inner,34.85,2.8171,-0.94001,0.29096,0.03931,0
inner,34.95,2.832,-0.94,0.29491,0.03975,0
inner,35.1,2.8393,-0.94002,0.30088,0.03997,0
inner,35.15,2.8473,-0.94003,0.30286,0.03972,0
inner,35.2,2.8597,-0.94005,0.30685,0.04021,0
inner,35.35,2.8691,-0.94012,0.31082,0.03936,0
inner,35.45,2.8797,-0.94023,0.31469,0.03845,0
inner,35.6,2.8885,-0.94031,0.32036,0.03727,0
inner,35.65,2.8964,-0.94033,0.32222,0.03712,0
inner,35.8,2.9056,-0.94032,0.32761,0.03578,0
inner,35.85,2.9142,-0.9403,0.32942,0.03627,0
inner,35.95,2.9225,-0.94029,0.33318,0.03827,0
inner,36.0,2.9303,-0.94029,0.33514,0.03915,0
inner,36.1,2.9387,-0.94031,0.33908,0.03943,0
inner,36.15,2.9464,-0.94036,0.34104,0.03925,0
inner,36.25,2.9619,-0.9404,0.34686,0.03841,0
inner,36.4,2.9761,-0.94038,0.35075,0.03874,0
inner,36.55,2.9844,-0.94034,0.35662,0.03937,0
inner,36.6,2.9922,-0.94034,0.35855,0.03873,0
inner,36.7,3.0004,-0.94031,0.36246,0.03915,0
inner,36.75,3.0089,-0.9403,0.36444,0.0396,0
inner,36.8,3.0189,-0.94028,0.36643,0.03998,0
inner,36.9,3.0287,-0.94031,0.37046,0.04018,0
inner,36.95,3.0364,-0.9403,0.37242,0.03926,0
inner,37.05,3.0454,-0.9403,0.37629,0.03833,0
inner,37.1,3.0542,-0.94025,0.37816,0.03724,0
inner,37.2,3.062,-0.94022,0.3818,0.03611,0
inner,37.25,3.0697,-0.94019,0.38358,0.03566,0
inner,37.35,3.0788,-0.94012,0.38708,0.03516,0
inner,37.4,3.0867,-0.9401,0.38886,0.03571,0
inner,37.5,3.0953,-0.94007,0.39256,0.0376,0
inner,37.55,3.1046,-0.94008,0.39447,0.03835,0
inner,37.6,3.1119,-0.94009,0.39642,0.03896,0
inner,37.65,3.1193,-0.94011,0.39836,0.03878,0
inner,37.8,3.1335,-0.94009,0.40408,0.03849,0
inner,37.9,3.1416,-0.94007,0.40803,0.03952,0
inner,37.95,3.1503,-0.94006,0.40999,0.03927,0
inner,38.1,3.1586,-0.94004,0.41591,0.03954,0
inner,38.15,3.1666,-0.94001,0.4179,0.0397,0
inner,38.25,3.1767,-0.94001,0.42188,0.03989,0
inner,38.3,3.1836,-0.94002,0.42389,0.04016,0
inner,38.35,3.191,-0.94008,0.42591,0.04037,0
inner,38.45,3.1987,-0.94017,0.42994,0.03997,0
inner,38.5,3.2063,-0.94018,0.43191,0.03951,0
inner,38.6,3.2197,-0.94018,0.4358,0.0385,0
inner,38.7,3.234,-0.94014,0.43957,0.03733,0
inner,38.8,3.2416,-0.9401,0.44323,0.03629,0
inner,38.85,3.2495,-0.94007,0.44506,0.03659,0
inner,38.9,3.2598,-0.94007,0.44691,0.03694,0
inner,39.0,3.2681,-0.9401,0.45071,0.03826,0
inner,39.05,3.2775,-0.94011,0.45263,0.03846,0
inner,39.15,3.2867,-0.94019,0.45652,0.0387,0
inner,39.2,3.2976,-0.94021,0.45847,0.03915,0
inner,39.25,3.313,-0.94023,0.4623,0.03808,0
inner,39.45,3.3229,-0.94024,0.46814,0.03942,0
inner,39.5,3.3313,-0.94025,0.47009,0.03902,0
inner,39.65,3.3396,-0.94025,0.47593,0.03924,0
inner,39.7,3.3473,-0.94024,0.4779,0.03932,0
inner,39.8,3.3631,-0.94025,0.48185,0.03965,0
inner,39.95,3.3782,-0.94027,0.48782,0.03974,0
inner,40.1,3.3864,-0.94036,0.49376,0.03927,0
inner,40.15,3.3967,-0.94038,0.4957,0.0387,0
inner,40.25,3.4044,-0.94039,0.49949,0.0377,0
inner,40.3,3.4133,-0.94038,0.5013,0.03638,0
inner,40.45,3.4226,-0.94035,0.50672,0.03585,0
inner,40.5,3.432,-0.94032,0.50853,0.03613,0
inner,40.65,3.4407,-0.94029,0.51423,0.03902,0
inner,40.7,3.4483,-0.94023,0.5162,0.03953,0
inner,40.8,3.4559,-0.94024,0.52019,0.0399,0
inner,40.85,3.4641,-0.94024,0.52218,0.03967,0
inner,41.0,3.4734,-0.94021,0.52795,0.03765,0
inner,41.05,3.4816,-0.94017,0.52983,0.03759,0
inner,41.2,3.4905,-0.9401,0.53537,0.03676,0
inner,41.25,3.4983,-0.94006,0.53719,0.03646,0
inner,41.35,3.5063,-0.93999,0.54082,0.03644,0
inner,41.4,3.5149,-0.93995,0.54266,0.0367,0
inner,41.5,3.5223,-0.93988,0.54633,0.03679,0
inner,41.55,3.5309,-0.93984,0.54816,0.0366,0
inner,41.7,3.5395,-0.93973,0.55364,0.03668,0
inner,41.75,3.5475,-0.93967,0.55543,0.03595,0
inner,41.85,3.5555,-0.93956,0.55895,0.0348,0
inner,41.9,3.5631,-0.93941,0.56067,0.03454,0
inner,42.0,3.5704,-0.93916,0.56397,0.03286,0
inner,42.05,3.5809,-0.93905,0.56569,0.03453,0
inner,42.2,3.5894,-0.93867,0.57116,0.03579,0
inner,42.25,3.5971,-0.93854,0.57292,0.03528,0
inner,42.4,3.6079,-0.93815,0.57837,0.03617,0
inner,42.45,3.6158,-0.9379,0.57991,0.03123,0
inner,42.55,3.6235,-0.9378,0.58323,0.03243,0
inner,42.6,3.6317,-0.93773,0.5848,0.03146,0
inner,42.65,3.6455,-0.93748,0.58788,0.03074,0
inner,42.75,3.6553,-0.9373,0.5894,0.03055,0
inner,42.8,3.6625,-0.93713,0.59086,0.02955,0
inner,42.9,3.6765,-0.93677,0.59364,0.02771,0
inner,43.0,3.6837,-0.93643,0.59641,0.02812,0
inner,43.05,3.6914,-0.93622,0.59783,0.02876,0
inner,43.15,3.6994,-0.93582,0.60066,0.02833,0
inner,43.2,3.7074,-0.9356,0.60203,0.02781,0
inner,43.3,3.7209,-0.93524,0.60473,0.02663,0
inner,43.35,3.7288,-0.935,0.60605,0.02684,0
inner,43.4,3.7363,-0.93474,0.60735,0.02648,0
inner,43.5,3.7455,-0.9342,0.60986,0.02624,0
inner,43.55,3.7532,-0.93396,0.61114,0.02607,0
inner,43.65,3.767,-0.93337,0.61374,0.02753,0
inner,43.75,3.7746,-0.93274,0.61666,0.0307,0
inner,43.8,3.7825,-0.93239,0.61821,0.03191,0
inner,43.9,3.79,-0.93174,0.62127,0.03104,0
inner,43.95,3.7979,-0.93142,0.62282,0.03164,0
inner,44.05,3.8056,-0.93077,0.62599,0.03218,0
inner,44.15,3.817,-0.93011,0.62926,0.03395,0
inner,44.2,3.8235,-0.9298,0.63092,0.03377,0
inner,44.25,3.8309,-0.92948,0.63242,0.03062,0
inner,44.35,3.8468,-0.92893,0.63547,0.03065,0
inner,44.5,3.8555,-0.92806,0.63969,0.02762,0
inner,44.55,3.8647,-0.92775,0.64096,0.02613,0
inner,44.65,3.8749,-0.92716,0.64342,0.02561,0
inner,44.8,3.8842,-0.9263,0.64721,0.02637,0
inner,44.85,3.8918,-0.926,0.64851,0.02673,0
inner,44.95,3.9049,-0.92536,0.65114,0.02732,0
inner,45.05,3.9139,-0.92472,0.65382,0.02702,0
inner,45.1,3.922,-0.92448,0.65514,0.02688,0
inner,45.15,3.9354,-0.92427,0.65644,0.02566,0
inner,45.3,3.9456,-0.92322,0.65997,0.02439,0
inner,45.35,3.9538,-0.92289,0.6611,0.02367,0
inner,45.45,3.9622,-0.92218,0.66334,0.02409,0
inner,45.5,3.9699,-0.92174,0.66454,0.0255,0
inner,45.6,3.9787,-0.92087,0.66698,0.02575,0
inner,45.65,3.9866,-0.92041,0.66822,0.02641,0
inner,45.75,3.9955,-0.91952,0.67073,0.027,0
inner,45.8,4.0037,-0.91903,0.67203,0.02784,0
inner,45.9,4.0121,-0.91809,0.6747,0.02791,0
inner,45.95,4.02,-0.91766,0.67592,0.02598,0
inner,46.05,4.0333,-0.91679,0.67821,0.02354,0
inner,46.15,4.0407,-0.91604,0.68025,0.02134,0
inner,46.2,4.0487,-0.91569,0.68119,0.02,0
inner,46.3,4.0587,-0.91495,0.68311,0.02113,0
inner,46.4,4.0662,-0.91417,0.6852,0.0225,0
inner,46.5,4.0802,-0.91337,0.68726,0.02229,0
inner,46.6,4.0875,-0.91252,0.68941,0.023,0
inner,46.65,4.0972,-0.9121,0.69044,0.02237,0
inner,46.8,4.1053,-0.91081,0.69371,0.02277,0
inner,46.85,4.1139,-0.91037,0.69477,0.02301,0
inner,46.95,4.1214,-0.90946,0.69704,0.02493,0
inner,47.0,4.1292,-0.90898,0.69822,0.02559,0
inner,47.1,4.1421,-0.90799,0.70056,0.02535,0
inner,47.2,4.1552,-0.90676,0.70241,0.02065,0
inner,47.25,4.1624,-0.90629,0.70336,0.02105,0
inner,47.3,4.17,-0.90587,0.70425,0.01979,0
inner,47.4,4.1787,-0.90491,0.70604,0.02105,0
inner,47.45,4.1867,-0.90435,0.70707,0.02357,0
inner,47.55,4.1953,-0.90326,0.7092,0.02384,0
inner,47.6,4.2029,-0.90267,0.71027,0.02459,0
inner,47.7,4.212,-0.90154,0.71249,0.02458,0
inner,47.75,4.2201,-0.90094,0.71362,0.02554,0
inner,47.85,4.2341,-0.89967,0.71601,0.0275,0
inner,47.95,4.2417,-0.89842,0.71849,0.02727,0
inner,48.0,4.2494,-0.89789,0.71954,0.02338,0
inner,48.1,4.2633,-0.89693,0.72162,0.02224,0
inner,48.25,4.2713,-0.89558,0.72434,0.02008,0
inner,48.3,4.2809,-0.89514,0.72522,0.01964,0
inner,48.4,4.2879,-0.89421,0.72701,0.02044,0
inner,48.45,4.2959,-0.89375,0.72788,0.01964,0
inner,48.55,4.3043,-0.89281,0.72959,0.01969,0
inner,48.6,4.3125,-0.89232,0.73047,0.02017,0
inner,48.7,4.3223,-0.89134,0.73222,0.02004,0
inner,48.8,4.3308,-0.89033,0.73404,0.02085,0
inner,48.9,4.3384,-0.88932,0.73581,0.01995,0
inner,48.95,4.3461,-0.8888,0.73671,0.02063,0
inner,49.1,4.3552,-0.88719,0.73963,0.02232,0
inner,49.15,4.3636,-0.88662,0.74059,0.02236,0
inner,49.2,4.3801,-0.88607,0.7416,0.0227,0
inner,49.4,4.3886,-0.88418,0.74557,0.02341,0
inner,49.45,4.3967,-0.88353,0.74634,0.02026,0
inner,49.55,4.4044,-0.88238,0.74779,0.01928,0
inner,49.6,4.4129,-0.88178,0.74862,0.02038,0
inner,49.65,4.4288,-0.88056,0.75034,0.02134,0
inner,49.8,4.4364,-0.87933,0.75209,0.02143,0
inner,49.85,4.4463,-0.87867,0.753,0.02242,0
inner,50.0,4.4543,-0.87678,0.75574,0.02176,0
inner,50.05,4.4631,-0.87619,0.75655,0.02006,0
inner,50.2,4.4725,-0.87456,0.75883,0.01882,0
inner,50.25,4.4817,-0.87406,0.75959,0.01833,0
inner,50.4,4.4906,-0.87246,0.76182,0.01881,0
inner,50.45,4.5008,-0.8719,0.76258,0.01874,0
inner,50.55,4.5085,-0.87078,0.76405,0.0185,0
inner,50.6,4.5165,-0.8702,0.76481,0.01901,0
inner,50.7,4.5243,-0.86903,0.76631,0.01901,0
inner,50.75,4.533,-0.86843,0.76705,0.01908,0
inner,50.9,4.5415,-0.86661,0.76939,0.01902,0
inner,50.95,4.5492,-0.86601,0.77012,0.01892,0
inner,51.1,4.5584,-0.86412,0.77251,0.01986,0
inner,51.15,4.5669,-0.86345,0.77327,0.0203,0
inner,51.2,4.5737,-0.8628,0.77407,0.02065,0
inner,51.25,4.5818,-0.86223,0.77494,0.02077,0
inner,51.35,4.597,-0.8615,0.77657,0.01717,0
inner,51.45,4.6052,-0.86036,0.7779,0.01834,0
inner,51.5,4.6128,-0.85967,0.77837,0.01671,0
inner,51.65,4.6215,-0.85796,0.77994,0.01706,0
inner,51.7,4.6301,-0.85743,0.78042,0.01429,0
inner,51.8,4.6375,-0.85643,0.78132,0.01388,0
inner,51.85,4.6462,-0.85572,0.78182,0.0174,0
inner,52.0,4.6554,-0.85357,0.78351,0.01841,0
inner,52.05,4.6639,-0.85278,0.78418,0.02069,0
inner,52.15,4.6715,-0.85124,0.78552,0.01936,0
inner,52.2,4.6798,-0.85044,0.78618,0.02073,0
inner,52.25,4.6928,-0.84875,0.78755,0.02105,0
inner,52.4,4.7014,-0.84733,0.78899,0.02051,0
inner,52.45,4.7124,-0.84656,0.78977,0.02197,0
inner,52.55,4.7269,-0.84503,0.79132,0.0222,0
inner,52.65,4.7351,-0.84355,0.79288,0.02115,0
inner,52.7,4.7432,-0.84279,0.79367,0.02193,0
inner,52.85,4.7523,-0.84058,0.79602,0.02115,0
inner,52.9,4.7604,-0.83985,0.79677,0.02097,0
inner,53.0,4.7676,-0.83835,0.79836,0.02242,0
inner,53.05,4.7757,-0.83755,0.7992,0.02327,0
inner,53.1,4.7883,-0.83594,0.8009,0.02397,0
inner,53.2,4.7955,-0.83512,0.8018,0.02437,0
inner,53.25,4.8028,-0.83428,0.8027,0.02468,0
inner,53.3,4.8141,-0.8334,0.80362,0.02546,0
inner,53.45,4.8218,-0.83073,0.80569,0.02071,0
inner,53.5,4.8294,-0.82996,0.80629,0.01961,0
inner,53.6,4.8375,-0.82864,0.80725,0.01707,0
inner,53.65,4.8464,-0.82801,0.80772,0.01574,0
inner,53.75,4.8546,-0.82689,0.8086,0.0153,0
inner,53.8,4.864,-0.82611,0.8091,0.0184,0
inner,53.9,4.8791,-0.8237,0.8108,0.02108,0
inner,54.0,4.8923,-0.82189,0.81209,0.02286,0
inner,54.1,4.8993,-0.82093,0.81278,0.02347,0
inner,54.15,4.908,-0.81987,0.81347,0.02548,0
inner,54.25,4.9154,-0.81787,0.81511,0.02512,0
inner,54.3,4.9234,-0.81702,0.81583,0.02233,0
inner,54.4,4.9312,-0.8155,0.81713,0.01921,0
inner,54.45,4.9391,-0.81475,0.81775,0.01956,0
inner,54.55,4.9474,-0.81319,0.81907,0.0202,0
inner,54.6,4.9559,-0.81242,0.8197,0.01999,0
inner,54.65,4.962,-0.81166,0.82034,0.01982,0
inner,54.7,4.9696,-0.81087,0.82099,0.02041,0
inner,54.75,4.9757,-0.81008,0.82166,0.02088,0
inner,54.8,4.9833,-0.80926,0.82233,0.02104,0
inner,54.9,4.9904,-0.80768,0.82364,0.02055,0
inner,54.95,4.9999,-0.80687,0.82428,0.02062,0
inner,55.05,5.007,-0.8052,0.82566,0.02174,0
inner,55.1,5.0142,-0.80437,0.82633,0.02127,0
inner,55.15,5.0224,-0.80349,0.82701,0.02225,0
inner,55.25,5.031,-0.80173,0.82846,0.02297,0
inner,55.3,5.0391,-0.80081,0.82921,0.02372,0
inner,55.35,5.0488,-0.79991,0.82995,0.02346,0
inner,55.45,5.0565,-0.79838,0.83185,0.02473,0
inner,55.55,5.0697,-0.79681,0.83371,0.02337,0
inner,55.65,5.0794,-0.79559,0.83467,0.0152,0
inner,55.7,5.0872,-0.79504,0.8349,0.01205,0
inner,55.8,5.0954,-0.79391,0.83545,0.01393,0
inner,55.85,5.1037,-0.79315,0.83584,0.01721,0
inner,55.9,5.1121,-0.79234,0.8363,0.0185,0
inner,55.95,5.1197,-0.79144,0.83682,0.02085,0
inner,56.05,5.1289,-0.78972,0.83783,0.01949,0
inner,56.1,5.1371,-0.78882,0.83833,0.0205,0
inner,56.2,5.1455,-0.78701,0.83939,0.02079,0
inner,56.25,5.1531,-0.78605,0.83993,0.02212,0
inner,56.3,5.1621,-0.78503,0.8405,0.02331,0
inner,56.35,5.1694,-0.7842,0.84107,0.02015,0
inner,56.45,5.1792,-0.78261,0.84216,0.01872,0
inner,56.5,5.1869,-0.7818,0.84267,0.01908,0
inner,56.6,5.1956,-0.78019,0.84373,0.01936,0
inner,56.65,5.2032,-0.77936,0.84421,0.01922,0
inner,56.75,5.2121,-0.77776,0.84514,0.01796,0
inner,56.8,5.2197,-0.77694,0.8456,0.01882,0
inner,56.9,5.2288,-0.7753,0.84653,0.01846,0
inner,56.95,5.2374,-0.77446,0.84697,0.01898,0
inner,57.05,5.2462,-0.77271,0.84798,0.02042,0
inner,57.1,5.2549,-0.7718,0.84847,0.02063,0
inner,57.15,5.2621,-0.7709,0.84897,0.02058,0
inner,57.2,5.2695,-0.76993,0.84946,0.02179,0
inner,57.3,5.2787,-0.76808,0.8505,0.02107,0
inner,57.35,5.2877,-0.76711,0.85104,0.022,0
inner,57.45,5.2953,-0.76519,0.85216,0.02198,0
inner,57.5,5.3038,-0.76421,0.85273,0.02268,0
inner,57.6,5.3123,-0.76219,0.85396,0.02309,0
inner,57.65,5.3202,-0.76126,0.85464,0.02299,0
inner,57.75,5.3344,-0.75951,0.8562,0.02407,0
inner,57.9,5.3482,-0.75646,0.85781,0.02145,0
inner,58.0,5.3565,-0.75456,0.85874,0.02132,0
inner,58.05,5.3645,-0.75353,0.85922,0.02269,0
inner,58.1,5.3805,-0.75131,0.86033,0.02545,0
inner,58.3,5.3886,-0.74789,0.86207,0.02474,0
inner,58.35,5.3962,-0.74703,0.8623,0.01779,0
inner,58.45,5.4045,-0.74533,0.86307,0.01845,0
inner,58.5,5.4127,-0.74458,0.8634,0.01659,0
inner,58.55,5.4284,-0.74381,0.86373,0.01725,0
inner,58.7,5.4364,-0.74134,0.86485,0.01881,0
inner,58.75,5.4467,-0.74046,0.86525,0.01924,0
inner,58.9,5.4553,-0.73789,0.86638,0.01868,0
inner,58.95,5.4643,-0.73699,0.86674,0.01936,0
inner,59.05,5.4717,-0.73518,0.86753,0.01964,0
inner,59.1,5.4801,-0.73423,0.86788,0.0202,0
inner,59.2,5.4935,-0.73224,0.86872,0.02245,0
inner,59.3,5.5059,-0.73008,0.86966,0.02392,0
inner,59.35,5.5194,-0.72771,0.87076,0.02669,0
inner,59.5,5.5287,-0.72557,0.87177,0.02275,0
inner,59.55,5.5368,-0.72453,0.87218,0.02228,0
inner,59.65,5.5505,-0.72268,0.87275,0.01821,0
inner,59.75,5.5586,-0.72071,0.87346,0.02189,0
inner,59.8,5.5676,-0.7196,0.87389,0.02381,0
inner,59.9,5.5748,-0.71737,0.87475,0.02377,0
inner,59.95,5.5824,-0.7162,0.87517,0.02477,0
inner,60.05,5.5897,-0.71374,0.87609,0.0268,0
inner,60.1,5.5971,-0.71245,0.87657,0.02746,0
inner,60.2,5.6045,-0.70983,0.87757,0.02777,0
inner,60.25,5.6134,-0.70873,0.87784,0.02262,0
inner,60.35,5.6267,-0.70657,0.87861,0.02193,0
inner,60.4,5.6367,-0.70561,0.87897,0.02043,0
inner,60.5,5.6453,-0.70371,0.87963,0.0205,0
inner,60.55,5.6544,-0.70273,0.87996,0.02068,0
inner,60.6,5.662,-0.70174,0.8803,0.02095,0
inner,60.65,5.6694,-0.70069,0.88066,0.02203,0
inner,60.75,5.6787,-0.6986,0.88134,0.02182,0
inner,60.8,5.6862,-0.69756,0.88167,0.02179,0
inner,60.9,5.7004,-0.69528,0.88238,0.0244,0
inner,61.0,5.7077,-0.69298,0.88315,0.02447,0
inner,61.05,5.7158,-0.69178,0.88353,0.02533,0
inner,61.15,5.7257,-0.68939,0.88435,0.02506,0
inner,61.25,5.7343,-0.6869,0.88519,0.02681,0
inner,61.3,5.7437,-0.68565,0.88557,0.02614,0
inner,61.4,5.751,-0.68336,0.8861,0.02227,0
inner,61.45,5.7588,-0.68221,0.88641,0.0237,0
inner,61.55,5.7665,-0.67967,0.88715,0.0269,0
inner,61.6,5.7743,-0.67834,0.88752,0.02766,0
inner,61.7,5.7817,-0.6757,0.88827,0.02718,0
inner,61.75,5.7904,-0.67437,0.88863,0.02746,0
inner,61.85,5.7977,-0.67156,0.88943,0.02974,0
inner,61.9,5.8053,-0.67036,0.88966,0.02454,0
inner,62.0,5.814,-0.66788,0.89032,0.02493,0
inner,62.05,5.822,-0.66675,0.89064,0.02345,0
inner,62.1,5.8363,-0.66452,0.89119,0.02318,0
inner,62.2,5.8462,-0.66333,0.89149,0.0247,0
inner,62.3,5.8535,-0.66084,0.89215,0.0255,0
inner,62.35,5.8636,-0.65962,0.89245,0.02525,0
inner,62.5,5.8725,-0.65602,0.89334,0.02418,0
inner,62.6,5.8848,-0.65352,0.89394,0.02623,0
inner,62.65,5.8954,-0.65218,0.89427,0.02763,0
inner,62.8,5.9043,-0.64805,0.89531,0.02822,0
inner,62.85,5.9134,-0.64665,0.89564,0.02885,0
inner,62.95,5.9275,-0.6439,0.8964,0.02816,0
inner,63.0,5.9342,-0.64254,0.89689,0.02898,0
inner,63.15,5.9489,-0.63833,0.89794,0.02799,0
inner,63.25,5.9555,-0.63577,0.89845,0.02588,0
inner,63.3,5.9635,-0.63443,0.89871,0.02736,0
inner,63.4,5.9716,-0.63145,0.89935,0.03164,0
inner,63.45,5.9801,-0.62982,0.89968,0.0332,0
inner,63.5,5.9865,-0.62818,0.90005,0.03371,0
inner,63.55,5.9965,-0.62669,0.90037,0.0305,0
inner,63.7,6.0055,-0.62243,0.90125,0.02728,0
inner,63.75,6.0138,-0.62114,0.90149,0.02626,0
inner,63.85,6.0207,-0.61864,0.90197,0.02559,0
inner,63.9,6.0309,-0.61729,0.90222,0.02736,0
inner,64.05,6.0397,-0.61322,0.90299,0.02679,0
inner,64.1,6.0474,-0.61185,0.90324,0.02777,0
inner,64.2,6.0643,-0.60889,0.9038,0.03101,0
inner,64.35,6.0808,-0.60431,0.90469,0.03115,0
inner,64.5,6.0895,-0.59966,0.90564,0.03151,0
inner,64.55,6.0979,-0.59811,0.90596,0.03166,0
inner,64.65,6.1056,-0.59496,0.90663,0.03182,0
inner,64.7,6.1132,-0.59338,0.9069,0.03208,0
inner,64.8,6.1279,-0.59035,0.90742,0.03128,0
inner,64.9,6.1385,-0.58699,0.90805,0.0345,0
inner,65.0,6.1462,-0.58358,0.90866,0.03513,0
inner,65.05,6.1535,-0.5818,0.90898,0.03608,0
inner,65.1,6.1642,-0.57998,0.90928,0.03685,0
inner,65.2,6.1785,-0.57632,0.90998,0.03443,0
inner,65.35,6.1863,-0.57123,0.91107,0.03465,0
inner,65.4,6.1969,-0.56959,0.9114,0.03333,0
inner,65.55,6.215,-0.56495,0.91225,0.03067,0
inner,65.65,6.2292,-0.56052,0.91294,0.03029,0
inner,65.8,6.2375,-0.5575,0.91338,0.03058,0
inner,65.9,6.2489,-0.5544,0.91383,0.03193,0
inner,66.0,6.2674,-0.5496,0.91452,0.0321,0
inner,66.2,6.2794,-0.54476,0.91526,0.0325,0
inner,66.25,6.2871,-0.54317,0.91539,0.03179,0
inner,66.3,6.2955,-0.54169,0.91556,0.02991,0
inner,66.35,6.3033,-0.54015,0.91571,0.03088,0
inner,66.45,6.3181,-0.5368,0.91609,0.03431,0
inner,66.6,6.3291,-0.53161,0.91672,0.03445,0
inner,66.65,6.3368,-0.52991,0.9169,0.0341,0
inner,66.75,6.3458,-0.5264,0.9173,0.03591,0
inner,66.8,6.3537,-0.52468,0.91742,0.03429,0
inner,66.85,6.3622,-0.52299,0.91761,0.03419,0
inner,66.9,6.3704,-0.52133,0.91777,0.0333,0
inner,67.0,6.3789,-0.51802,0.91812,0.03368,0
inner,67.05,6.3867,-0.51634,0.91829,0.03364,0
inner,67.15,6.3956,-0.51296,0.91865,0.0342,0
inner,67.2,6.4033,-0.51122,0.91882,0.03493,0
inner,67.25,6.4121,-0.50949,0.91901,0.03477,0
inner,67.3,6.4204,-0.50772,0.91917,0.03554,0
inner,67.35,6.4287,-0.50595,0.91935,0.03554,0
inner,67.4,6.4366,-0.50415,0.91952,0.03629,0
inner,67.5,6.4455,-0.50051,0.91996,0.03616,0
inner,67.55,6.4532,-0.4987,0.92019,0.03641,0
inner,67.65,6.4622,-0.49504,0.92067,0.0369,0
inner,67.7,6.4706,-0.49324,0.92085,0.03615,0
inner,67.8,6.4786,-0.48975,0.92118,0.03451,0
inner,67.85,6.4871,-0.48807,0.92136,0.03388,0
inner,67.95,6.4956,-0.48489,0.92165,0.03175,0
inner,68.0,6.5032,-0.48325,0.92178,0.03287,0
inner,68.1,6.5122,-0.47987,0.92209,0.03433,0
inner,68.15,6.5207,-0.47812,0.9222,0.03508,0
inner,68.25,6.5288,-0.47467,0.92254,0.03459,0
inner,68.3,6.537,-0.47296,0.92276,0.03449,0
inner,68.4,6.5455,-0.46959,0.92319,0.03399,0
inner,68.45,6.5542,-0.46793,0.92338,0.03358,0
inner,68.55,6.5621,-0.46458,0.92371,0.03378,0
inner,68.6,6.5705,-0.46293,0.92387,0.03306,0
inner,68.7,6.5838,-0.4597,0.92414,0.03246,0
inner,68.85,6.5954,-0.4547,0.92456,0.03402,0
inner,68.9,6.6032,-0.45299,0.9247,0.03426,0
inner,69.0,6.6123,-0.44965,0.92497,0.03353,0
inner,69.05,6.6203,-0.44798,0.92508,0.03332,0
inner,69.15,6.6287,-0.44453,0.92536,0.03496,0
inner,69.2,6.6364,-0.44281,0.9255,0.03465,0
inner,69.3,6.6506,-0.43943,0.92578,0.03378,0
inner,69.4,6.6576,-0.43616,0.92594,0.0327,0
inner,69.45,6.6657,-0.43457,0.92601,0.03166,0
inner,69.55,6.6761,-0.43141,0.92616,0.03206,0
inner,69.65,6.6854,-0.42801,0.92623,0.03464,0
inner,69.7,6.6934,-0.42621,0.92623,0.03596,0
inner,69.8,6.7014,-0.42253,0.92638,0.03733,0
inner,69.85,6.7102,-0.42062,0.92647,0.03819,0
inner,69.95,6.7176,-0.41674,0.9267,0.03871,0
inner,70.0,6.7255,-0.41491,0.92681,0.03681,0
inner,70.1,6.7328,-0.41143,0.92701,0.03461,0
inner,70.15,6.7404,-0.40971,0.9271,0.03442,0
inner,70.25,6.7486,-0.40626,0.92726,0.03464,0
inner,70.3,6.7571,-0.40454,0.92735,0.03454,0
inner,70.4,6.7708,-0.40096,0.92752,0.03613,0
inner,70.45,6.7786,-0.39915,0.92761,0.03621,0
inner,70.5,6.7862,-0.39729,0.92773,0.0372,0
inner,70.6,6.8013,-0.39354,0.92793,0.03778,0
inner,70.7,6.8077,-0.3898,0.92817,0.03718,0
inner,70.75,6.8156,-0.38791,0.92825,0.03778,0
inner,70.85,6.8296,-0.38414,0.92852,0.03765,0
inner,70.95,6.8375,-0.38041,0.92875,0.03728,0
inner,71.0,6.8464,-0.37858,0.92884,0.03652,0
inner,71.05,6.859,-0.37497,0.92904,0.03659,0
inner,71.25,6.8683,-0.36929,0.9294,0.03905,0
inner,71.3,6.877,-0.36734,0.92953,0.03911,0
inner,71.45,6.8865,-0.36139,0.92995,0.03949,0
inner,71.5,6.8947,-0.35943,0.93009,0.03928,0
inner,71.6,6.9045,-0.35558,0.9303,0.03833,0
inner,71.7,6.9128,-0.35186,0.93051,0.0375,0
inner,71.75,6.9209,-0.35001,0.93062,0.03697,0
inner,71.8,6.9288,-0.34814,0.93072,0.03754,0
inner,71.85,6.9368,-0.34627,0.93082,0.03747,0
inner,71.95,6.9454,-0.3425,0.93103,0.03795,0
inner,72.0,6.9529,-0.34058,0.93113,0.03832,0
inner,72.1,6.9622,-0.33674,0.93136,0.03841,0
inner,72.15,6.9701,-0.3348,0.93148,0.03883,0
inner,72.25,6.9788,-0.33093,0.93174,0.03877,0
inner,72.3,6.9879,-0.329,0.93183,0.03856,0
inner,72.4,6.9956,-0.32524,0.93199,0.03738,0
inner,72.45,7.0031,-0.32339,0.93208,0.03698,0
inner,72.55,7.0119,-0.31984,0.93221,0.03546,0
inner,72.6,7.0196,-0.31805,0.93226,0.03579,0
inner,72.7,7.029,-0.31428,0.93242,0.038,0
inner,72.75,7.037,-0.31236,0.93245,0.03846,0
inner,72.8,7.0451,-0.31045,0.93253,0.03815,0
inner,72.85,7.0525,-0.30853,0.9326,0.03836,0
inner,72.95,7.0625,-0.30467,0.9328,0.03877,0
inner,73.0,7.0704,-0.30272,0.93289,0.0389,0
inner,73.1,7.0789,-0.29896,0.93303,0.03724,0
inner,73.15,7.0876,-0.29713,0.9331,0.03662,0
inner,73.25,7.0955,-0.29342,0.93324,0.03729,0
inner,73.3,7.1032,-0.29155,0.9333,0.03733,0
inner,73.35,7.1117,-0.28967,0.93338,0.03773,0
inner,73.4,7.1191,-0.2878,0.93343,0.03743,0
inner,73.5,7.126,-0.28401,0.93357,0.03817,0
inner,73.55,7.1348,-0.28209,0.93362,0.03846,0
inner,73.65,7.1419,-0.27823,0.93378,0.03893,0
inner,73.7,7.1497,-0.27629,0.93385,0.03885,0
inner,73.8,7.1633,-0.27237,0.93404,0.03885,0
inner,73.9,7.1772,-0.26855,0.93413,0.03809,0
inner,74.05,7.1911,-0.26317,0.93423,0.03505,0
inner,74.15,7.1998,-0.25974,0.93427,0.03412,0
inner,74.2,7.2078,-0.25799,0.93431,0.03503,0
inner,74.35,7.2166,-0.25245,0.93445,0.03837,0
inner,74.4,7.2255,-0.2505,0.93451,0.03895,0
inner,74.55,7.2336,-0.24455,0.93471,0.03923,0
inner,74.6,7.2412,-0.24315,0.93461,0.02806,0
inner,74.75,7.2505,-0.23773,0.93673,0.03668,0
inner,74.8,7.2584,-0.23597,0.93675,0.03527,0
inner,74.9,7.2665,-0.2323,0.93662,0.03619,0
inner,74.95,7.2752,-0.23062,0.93663,0.0336,0
inner,75.05,7.2827,-0.22738,0.9366,0.03203,0
inner,75.1,7.2902,-0.22577,0.93654,0.03224,0
inner,75.25,7.2996,-0.22066,0.93641,0.03445,0
inner,75.3,7.3076,-0.21893,0.93633,0.03455,0
inner,75.4,7.3155,-0.21547,0.93624,0.03488,0
inner,75.45,7.3241,-0.21376,0.93621,0.03411,0
inner,75.6,7.3329,-0.20892,0.93604,0.03153,0
inner,75.65,7.3408,-0.20735,0.93596,0.0315,0
inner,75.8,7.3497,-0.20242,0.93578,0.03259,0
inner,75.85,7.3573,-0.20076,0.93567,0.0332,0
inner,75.95,7.3646,-0.19737,0.9355,0.03461,0
inner,76.0,7.3721,-0.19592,0.9354,0.02891,0
inner,76.05,7.3812,-0.19411,0.93589,0.03748,0
inner,76.15,7.3893,-0.19066,0.93732,0.03658,0
inner,76.2,7.3976,-0.18914,0.93749,0.03073,0
inner,76.3,7.4049,-0.18587,0.93697,0.03487,0
inner,76.35,7.4129,-0.18406,0.93677,0.03632,0
inner,76.4,7.4233,-0.18225,0.93659,0.03649,0
inner,76.5,7.4322,-0.17868,0.93621,0.03623,0
inner,76.6,7.4442,-0.17532,0.93596,0.03335,0
inner,76.75,7.4525,-0.17017,0.93568,0.03442,0
inner,76.8,7.4627,-0.16839,0.93557,0.0356,0
inner,76.9,7.4703,-0.16471,0.93539,0.03715,0
inner,76.95,7.4797,-0.16285,0.93536,0.03721,0
inner,77.05,7.4876,-0.15901,0.93539,0.03884,0
inner,77.1,7.4964,-0.15706,0.93539,0.03885,0
inner,77.25,7.5045,-0.15145,0.93538,0.03662,0
inner,77.3,7.514,-0.1496,0.93536,0.037,0
inner,77.4,7.5222,-0.14585,0.93538,0.03761,0
inner,77.45,7.53,-0.14397,0.93533,0.03779,0
inner,77.6,7.5393,-0.13819,0.93537,0.03876,0
inner,77.65,7.5482,-0.13627,0.93546,0.03848,0
inner,77.8,7.5575,-0.1305,0.93573,0.03832,0
inner,77.85,7.5661,-0.12859,0.93583,0.03816,0
inner,77.95,7.5743,-0.12489,0.936,0.03649,0
inner,78.0,7.5815,-0.12304,0.93607,0.03704,0
inner,78.1,7.5912,-0.11928,0.93624,0.03758,0
inner,78.2,7.6002,-0.1155,0.93641,0.03796,0
inner,78.25,7.6092,-0.11361,0.93649,0.03766,0
inner,78.35,7.6156,-0.10984,0.93668,0.03783,0
inner,78.4,7.6227,-0.10794,0.93676,0.03817,0
inner,78.45,7.6332,-0.10601,0.93686,0.03853,0
inner,78.6,7.6406,-0.10028,0.93718,0.03826,0
inner,78.65,7.649,-0.09836,0.93728,0.03836,0
inner,78.75,7.6632,-0.09455,0.93745,0.03822,0
inner,78.85,7.6704,-0.09083,0.93755,0.03703,0
inner,78.9,7.6787,-0.08901,0.93758,0.03652,0
inner,78.95,7.6881,-0.0872,0.93763,0.03619,0
inner,79.05,7.6955,-0.08344,0.9377,0.0381,0
inner,79.1,7.7061,-0.0815,0.93775,0.03867,0
inner,79.2,7.7199,-0.07762,0.93784,0.0391,0
inner,79.3,7.7342,-0.07374,0.93799,0.03865,0
inner,79.4,7.7417,-0.0699,0.93811,0.03833,0
inner,79.45,7.7498,-0.06802,0.93811,0.03763,0
inner,79.55,7.7576,-0.0643,0.93813,0.03699,0
inner,79.6,7.7657,-0.0625,0.93814,0.03603,0
inner,79.7,7.7729,-0.05882,0.93813,0.037,0
inner,79.75,7.7818,-0.05696,0.93812,0.03719,0
inner,79.85,7.795,-0.05316,0.93812,0.03805,0
inner,79.95,7.813,-0.04744,0.93816,0.03833,0
inner,80.15,7.8215,-0.0416,0.93822,0.03871,0
inner,80.2,7.8313,-0.0397,0.93818,0.0379,0
inner,80.35,7.8398,-0.03406,0.93826,0.03839,0
inner,80.4,7.848,-0.03212,0.93836,0.03886,0
inner,80.55,7.8567,-0.02642,0.93848,0.03702,0
inner,80.6,7.8646,-0.02456,0.93847,0.03732,0
inner,80.65,7.8821,-0.02268,0.9385,0.03869,0
inner,80.8,7.8896,-0.01689,0.9386,0.03882,0
inner,80.85,7.8974,-0.01491,0.93866,0.03962,0
inner,81.0,7.9054,-0.00898,0.93881,0.03926,0
inner,81.05,7.9136,-0.00703,0.93888,0.03908,0
inner,81.15,7.9227,-0.00314,0.93896,0.0389,0
inner,81.2,7.9314,-0.00121,0.93899,0.03868,0
inner,81.3,7.9388,0.0026,0.93904,0.03824,0
inner,81.35,7.9466,0.0045,0.93906,0.03809,1
inner,81.45,7.9539,0.00838,0.93911,0.03912,1
inner,81.5,7.9627,0.00873,0.93903,0.0073,1
inner,81.6,7.9771,0.01034,0.93903,0.03191,1
inner,81.7,7.9852,0.01086,0.93906,0.00061,1
inner,81.75,7.9929,0.01086,0.93908,0.00046,1
inner,81.85,8.0065,0.01087,0.9391,0.00026,1
inner,81.95,8.0141,0.0109,0.9391,0.00034,1
inner,82.0,8.0231,0.01088,0.93911,0.00024,1
inner,82.1,8.0356,0.01089,0.9391,0.00018,1
inner,82.2,8.0483,0.01088,0.9391,0.00025,1
inner,82.3,8.0556,0.01088,0.9391,0.0003,1
inner,82.35,8.0645,0.01088,0.9391,8e-05,1
inner,82.45,8.0789,0.01088,0.9391,6e-05,1
inner,82.6,8.0873,0.01088,0.93911,0.00016,1
inner,82.65,8.0969,0.01088,0.9391,7e-05,1
inner,82.75,8.1148,0.01087,0.9391,4e-05,1
inner,82.85,8.1292,0.01088,0.9391,7e-05,1
inner,83.05,8.1386,0.01088,0.9391,0.00018,1
inner,83.1,8.1466,0.01088,0.9391,4e-05,1
inner,83.2,8.1546,0.01088,0.9391,7e-05,1
inner,83.25,8.1638,0.01088,0.9391,0.0001,1
inner,83.4,8.1727,0.01088,0.9391,6e-05,1
inner,83.45,8.1808,0.01087,0.9391,0.00019,1
inner,83.55,8.1885,0.01088,0.9391,3e-05,1
inner,83.6,8.1964,0.01088,0.93911,9e-05,1
inner,83.7,8.2097,0.01088,0.9391,9e-05,1
inner,83.85,8.2179,0.01088,0.9391,8e-05,1
inner,83.9,8.225,0.01088,0.9391,8e-05,1
inner,83.95,8.2344,0.01088,0.9391,2e-05,1
inner,84.05,8.2417,0.01088,0.93911,5e-05,1
inner,84.1,8.2507,0.01088,0.9391,1e-05,1
inner,84.15,8.2573,0.01088,0.9391,0.00017,1
inner,84.2,8.2654,0.01088,0.9391,0.00011,1
inner,84.3,8.2728,0.01088,0.9391,2e-05,1
inner,84.35,8.2805,0.01088,0.9391,2e-05,1
inner,84.45,8.2886,0.01088,0.9391,4e-05,1
inner,84.5,8.2976,0.01088,0.9391,9e-05,1
inner,84.6,8.3132,0.01088,0.9391,4e-05,1
inner,84.7,8.3297,0.01088,0.9391,5e-05,1
inner,84.85,8.3375,0.01088,0.9391,2e-05,1
inner,84.9,8.347,0.01088,0.9391,3e-05,1
inner,85.05,8.3556,0.01088,0.9391,2e-05,1
inner,85.1,8.3637,0.01088,0.9391,3e-05,1
inner,85.2,8.3716,0.01088,0.9391,7e-05,1
inner,85.25,8.3795,0.01088,0.9391,6e-05,1
inner,85.35,8.3868,0.01088,0.9391,6e-05,1
inner,85.4,8.3977,0.01088,0.9391,1e-05,1
inner,85.55,8.4067,0.01088,0.9391,0.0001,1
inner,85.6,8.4145,0.01088,0.9391,4e-05,1
inner,85.7,8.4226,0.01088,0.9391,6e-05,1
inner,85.75,8.4301,0.01088,0.9391,6e-05,1
inner,85.85,8.444,0.01088,0.9391,0.0001,1
inner,86.0,8.4525,0.01088,0.9391,6e-05,1
inner,86.05,8.4627,0.01088,0.9391,0.00013,1
inner,86.15,8.4704,0.01089,0.9391,4e-05,1
inner,86.2,8.4802,0.01088,0.9391,7e-05,1
inner,86.35,8.4906,0.01088,0.9391,5e-05,1
inner,86.4,8.4992,0.01088,0.9391,3e-05,0
inner,86.55,8.5087,0.01088,0.9391,2e-05,0
inner,86.6,8.5167,0.01089,0.93906,0.0009,0
inner,86.7,8.5244,0.01311,0.93914,0.01764,0
inner,86.75,8.5323,0.0138,0.93913,0.01386,0
inner,86.85,8.5398,0.0158,0.93917,0.02348,0
inner,86.9,8.549,0.01728,0.93913,0.02949,0
inner,86.95,8.5625,0.0203,0.93915,0.03169,0
inner,87.05,8.5716,0.02194,0.93915,0.03271,0
inner,87.15,8.5802,0.02522,0.93911,0.03268,0
inner,87.2,8.5891,0.02686,0.93908,0.0328,0
inner,87.25,8.5955,0.02852,0.93905,0.03331,0
inner,87.3,8.6035,0.03024,0.939,0.03441,0
inner,87.35,8.612,0.03202,0.93899,0.03553,0
inner,87.4,8.62,0.03383,0.93897,0.03629,0
inner,87.55,8.6292,0.03949,0.93898,0.03833,0
inner,87.6,8.639,0.04143,0.93897,0.03892,0
inner,87.7,8.6478,0.04535,0.93899,0.03902,0
inner,87.75,8.6558,0.0473,0.93902,0.03913,0
inner,87.85,8.6645,0.05111,0.93901,0.03766,0
inner,87.9,8.6721,0.05302,0.93901,0.03827,0
inner,88.0,8.6865,0.05692,0.939,0.03908,0
inner,88.1,8.6957,0.06085,0.93902,0.03952,0
inner,88.15,8.7033,0.06283,0.939,0.03969,0
inner,88.25,8.7163,0.06682,0.93899,0.03993,0
inner,88.35,8.7311,0.07083,0.93904,0.04022,0
inner,88.45,8.7385,0.07485,0.93913,0.04035,0
inner,88.5,8.7469,0.07683,0.93915,0.03949,0
inner,88.6,8.7547,0.08071,0.93919,0.0384,0
inner,88.65,8.7623,0.0826,0.9392,0.03792,0
inner,88.7,8.7703,0.08446,0.9392,0.03702,0
inner,88.8,8.779,0.08806,0.9392,0.03583,0
inner,88.85,8.788,0.08984,0.93919,0.03569,0
inner,88.95,8.7982,0.09335,0.93917,0.035,0
inner,89.0,8.8063,0.09513,0.93915,0.03563,0
inner,89.1,8.8144,0.09883,0.93916,0.03755,0
inner,89.15,8.8227,0.10073,0.93918,0.03816,0
inner,89.25,8.8307,0.10464,0.93925,0.0393,0
inner,89.3,8.8394,0.10657,0.93927,0.03862,0
inner,89.4,8.8474,0.11037,0.93929,0.0379,0
inner,89.45,8.8549,0.11229,0.93929,0.03842,0
inner,89.5,8.8641,0.11425,0.9393,0.03913,0
inner,89.6,8.8717,0.11821,0.93932,0.03959,0
inner,89.65,8.8799,0.12017,0.93933,0.0392,0
inner,89.75,8.8929,0.12411,0.93936,0.03968,0
inner,89.8,8.9027,0.1261,0.93939,0.03973,0
inner,89.9,8.9125,0.13008,0.93947,0.0397,0
inner,89.95,8.9212,0.13206,0.93949,0.03957,0
inner,90.0,8.9291,0.13405,0.93952,0.03982,0
inner,90.05,8.9364,0.13599,0.93963,0.03883,0
inner,90.15,8.946,0.1399,0.93976,0.03902,0
inner,90.2,8.954,0.14179,0.93972,0.03795,0
inner,90.3,8.9626,0.14549,0.93971,0.03662,0
inner,90.35,8.9703,0.1473,0.93969,0.03631,0
inner,90.45,8.9792,0.15082,0.93965,0.035,0
inner,90.5,8.987,0.15259,0.93963,0.03524,0
inner,90.6,8.9956,0.15623,0.93961,0.0373,0
inner,90.65,9.0037,0.15814,0.93961,0.0382,0
inner,90.75,9.012,0.16204,0.93965,0.03892,0
inner,90.8,9.0208,0.164,0.93965,0.03928,0
inner,90.9,9.029,0.16784,0.93962,0.03823,0
inner,90.95,9.0367,0.16975,0.93961,0.03818,0
inner,91.05,9.0455,0.17362,0.93959,0.03888,0
inner,91.1,9.054,0.17555,0.93957,0.03841,0
inner,91.2,9.0623,0.17944,0.93955,0.03905,0
inner,91.25,9.0708,0.18142,0.93954,0.03957,0
inner,91.35,9.0789,0.18539,0.93953,0.03964,0
inner,91.4,9.0867,0.18739,0.93955,0.0401,0
inner,91.5,9.0954,0.1914,0.93958,0.03985,0
inner,91.55,9.1043,0.19341,0.93961,0.04021,0
inner,91.6,9.1121,0.19544,0.93965,0.04062,0
inner,91.65,9.1204,0.19742,0.93966,0.03957,0
inner,91.8,9.1331,0.2032,0.93968,0.03781,0
inner,91.9,9.1407,0.20688,0.93967,0.03634,0
inner,91.95,9.1487,0.20872,0.93966,0.03675,0
inner,92.05,9.1646,0.21251,0.93966,0.03814,0
inner,92.2,9.1728,0.21834,0.93972,0.03887,0
inner,92.25,9.1805,0.22032,0.93976,0.03958,0
inner,92.35,9.1975,0.22429,0.93984,0.03954,0
inner,92.5,9.2057,0.23017,0.93993,0.0388,0
inner,92.55,9.2142,0.23211,0.94,0.03876,0
inner,92.7,9.2235,0.23793,0.94007,0.03884,0
inner,92.75,9.2318,0.2399,0.9401,0.03932,0
inner,92.9,9.2488,0.24575,0.94015,0.03908,0
inner,92.95,9.2554,0.24772,0.94017,0.0394,0
inner,93.0,9.2643,0.24968,0.94018,0.03917,0
inner,93.1,9.2723,0.25364,0.94023,0.0397,0
inner,93.15,9.2801,0.25559,0.94022,0.0389,0
inner,93.25,9.2876,0.25942,0.9402,0.03808,0
inner,93.3,9.2968,0.26129,0.94019,0.03729,0
inner,93.4,9.3112,0.26493,0.94011,0.03629,0
inner,93.55,9.3196,0.27016,0.94,0.03462,0
inner,93.6,9.3304,0.27191,0.93996,0.03488,0
inner,93.65,9.3377,0.27366,0.93994,0.03512,0
inner,93.7,9.3478,0.2755,0.93993,0.03668,0
inner,93.8,9.3613,0.27919,0.93996,0.03705,0
inner,93.9,9.3692,0.28285,0.93997,0.03639,0
inner,93.95,9.3783,0.28474,0.93995,0.03778,0
inner,94.05,9.3906,0.28864,0.93992,0.03905,0
inner,94.15,9.3979,0.29254,0.93989,0.03918,0
inner,94.2,9.406,0.29452,0.93984,0.03958,0
inner,94.3,9.4144,0.29846,0.93981,0.03948,0
inner,94.35,9.4224,0.30046,0.93981,0.03992,0
inner,94.4,9.4372,0.30449,0.93981,0.04054,0
inner,94.5,9.4482,0.3065,0.9398,0.04026,0
inner,94.6,9.4563,0.3105,0.93987,0.03962,0
inner,94.65,9.4646,0.31249,0.9399,0.0399,0
inner,94.75,9.4715,0.31645,0.93999,0.03942,0
inner,94.8,9.4797,0.31841,0.9401,0.03933,0
inner,94.9,9.4877,0.3223,0.94024,0.03848,0
inner,95.0,9.4995,0.32604,0.94024,0.03702,0
inner,95.1,9.5132,0.32976,0.94025,0.03723,0
inner,95.25,9.5215,0.33561,0.94028,0.03891,0
inner,95.3,9.53,0.33758,0.9403,0.03955,0
inner,95.4,9.5376,0.34152,0.94035,0.03927,0
inner,95.45,9.5464,0.34348,0.94035,0.03925,0
inner,95.55,9.5543,0.34734,0.94033,0.0384,0
inner,95.6,9.5633,0.34923,0.94033,0.03776,0
inner,95.75,9.5715,0.35498,0.94029,0.03855,0
inner,95.8,9.5799,0.35691,0.94028,0.03871,0
inner,95.9,9.5875,0.36081,0.94025,0.03899,0
inner,95.95,9.598,0.36275,0.94023,0.03894,0
inner,96.1,9.6065,0.36861,0.94022,0.03926,0
inner,96.15,9.615,0.37057,0.94016,0.03929,0
inner,96.25,9.6227,0.37442,0.94014,0.03863,0
inner,96.3,9.6305,0.37635,0.94014,0.03847,0
inner,96.4,9.6438,0.38011,0.9401,0.03754,0
inner,96.55,9.6516,0.38556,0.94002,0.03573,0
inner,96.6,9.6593,0.38738,0.94,0.03632,0
inner,96.7,9.6714,0.39107,0.93998,0.0375,0
inner,96.75,9.6787,0.39296,0.93999,0.03777,0
inner,96.8,9.6864,0.39486,0.93994,0.03807,0
inner,96.9,9.6954,0.39862,0.93996,0.03761,0
inner,96.95,9.703,0.40053,0.94003,0.03817,0
inner,97.05,9.7162,0.40439,0.94013,0.03877,0
inner,97.2,9.7247,0.41029,0.94016,0.03929,0
inner,97.25,9.7327,0.41226,0.94018,0.03941,0
inner,97.35,9.7464,0.41618,0.9402,0.03906,0
inner,97.5,9.7599,0.4221,0.94021,0.03987,0
inner,97.6,9.7675,0.42606,0.94026,0.03948,0
inner,97.65,9.779,0.42807,0.94028,0.04029,0
inner,97.75,9.796,0.43401,0.94031,0.03921,0
inner,97.85,9.8027,0.43594,0.94031,0.03852,0
inner,97.9,9.8105,0.43783,0.94029,0.03783,0
inner,98.0,9.8177,0.44151,0.94025,0.03633,0
inner,98.05,9.8263,0.44331,0.94022,0.03606,0
inner,98.2,9.8356,0.44856,0.94012,0.03457,0
inner,98.25,9.8468,0.45034,0.94009,0.03557,0
inner,98.35,9.8536,0.45397,0.94007,0.03694,0
inner,98.4,9.8638,0.45587,0.94007,0.03793,0
inner,98.5,9.8706,0.45976,0.94011,0.03902,0
inner,98.6,9.8829,0.46371,0.94015,0.03945,0
inner,98.65,9.8965,0.46567,0.94016,0.0394,0
inner,98.8,9.9044,0.47159,0.94019,0.03957,0
inner,98.85,9.9133,0.47354,0.9402,0.03904,0
inner,98.95,9.9214,0.47748,0.94022,0.03931,0
inner,99.05,9.933,0.48136,0.94023,0.03856,0
inner,99.1,9.9469,0.48528,0.94027,0.03961,0
inner,99.25,9.9544,0.48923,0.94032,0.03946,0
inner,99.3,9.9632,0.49119,0.94035,0.03928,0
inner,99.45,9.9726,0.49689,0.94036,0.03757,0
inner,99.5,9.9819,0.49873,0.94035,0.03676,0
inner,99.55,9.9902,0.50055,0.94034,0.03628,0
inner,99.6,9.9998,0.50237,0.94031,0.03641,0
inner,99.7,10.0139,0.50613,0.94032,0.03794,0
inner,99.8,10.0264,0.51003,0.94033,0.03976,0
inner,99.95,10.0348,0.51592,0.94037,0.03888,0
inner,100.0,10.0425,0.51788,0.94039,0.03925,0
inner,100.15,10.0558,0.52376,0.94047,0.0393,0
inner,100.2,10.062,0.5257,0.94048,0.03884,0
inner,100.25,10.0704,0.52763,0.94046,0.03858,0
inner,100.35,10.0787,0.53134,0.94043,0.03674,0
inner,100.4,10.0866,0.53316,0.94039,0.03642,0
inner,100.45,10.0951,0.53496,0.94036,0.03596,0
inner,100.5,10.1026,0.53674,0.94034,0.0356,0
inner,100.55,10.1118,0.53851,0.9403,0.03553,0
inner,100.6,10.1197,0.5403,0.94026,0.03584,0
inner,100.7,10.129,0.54388,0.94018,0.03576,0
inner,100.75,10.137,0.54567,0.94014,0.03595,0
inner,100.85,10.1454,0.54929,0.94004,0.03636,0
inner,100.9,10.1537,0.55107,0.94005,0.03568,0
inner,100.95,10.1619,0.55285,0.94007,0.03554,0
inner,101.0,10.1699,0.55462,0.94003,0.0354,0
inner,101.05,10.1785,0.55636,0.93994,0.03489,0
inner,101.1,10.1855,0.55805,0.93982,0.03398,0
inner,101.15,10.1918,0.55968,0.93969,0.03266,0
inner,101.2,10.2,0.56138,0.93954,0.03408,0
inner,101.3,10.2148,0.56497,0.93924,0.03595,0
inner,101.45,10.2237,0.57036,0.9388,0.03599,0
inner,101.5,10.2317,0.57213,0.93864,0.03562,0
inner,101.6,10.2396,0.57575,0.93835,0.03686,0
inner,101.65,10.2473,0.57734,0.93813,0.03209,0
inner,101.75,10.2643,0.58091,0.93795,0.03549,0
inner,101.85,10.2785,0.58576,0.93754,0.03185,0
inner,101.95,10.2921,0.58732,0.93738,0.0312,0
inner,102.15,10.3015,0.59324,0.93666,0.02833,0
inner,102.2,10.3102,0.59467,0.93646,0.02876,0
inner,102.35,10.3186,0.59891,0.93586,0.02876,0
inner,102.4,10.3265,0.60032,0.93565,0.02856,0
inner,102.45,10.3327,0.60179,0.93543,0.02969,0
inner,102.5,10.3402,0.60328,0.93513,0.03029,0
inner,102.6,10.3475,0.60605,0.93461,0.02814,0
inner,102.65,10.3562,0.60739,0.93442,0.02711,0
inner,102.7,10.3701,0.61005,0.93397,0.02692,0
inner,102.85,10.3789,0.61271,0.93342,0.0277,0
inner,102.9,10.387,0.61407,0.93312,0.02777,0
inner,103.0,10.3955,0.61675,0.9325,0.02758,0
inner,103.05,10.4045,0.61815,0.93215,0.02899,0
inner,103.1,10.4121,0.61961,0.93181,0.0299,0
inner,103.15,10.4196,0.62112,0.93151,0.03086,0
inner,103.25,10.4288,0.62431,0.93089,0.03242,0
inner,103.3,10.4363,0.62596,0.93056,0.03355,0
inner,103.4,10.4455,0.62933,0.92996,0.03397,0
inner,103.45,10.4537,0.63087,0.92964,0.0315,0
inner,103.55,10.4619,0.63395,0.92902,0.03075,0
inner,103.6,10.4697,0.63538,0.9287,0.02928,0
inner,103.7,10.4837,0.63798,0.92812,0.02594,0
inner,103.8,10.4918,0.64055,0.92754,0.02665,0
inner,103.85,10.5004,0.64182,0.92724,0.02621,0
inner,103.95,10.5077,0.64437,0.92665,0.02624,0
inner,104.0,10.5157,0.6457,0.92633,0.02721,0
inner,104.1,10.523,0.64837,0.92573,0.02733,0
inner,104.15,10.5306,0.64968,0.92541,0.02699,0
inner,104.25,10.5387,0.65242,0.92476,0.02847,0
inner,104.3,10.5476,0.65375,0.92443,0.02731,0
inner,104.35,10.5545,0.65507,0.92411,0.02728,0
inner,104.4,10.5636,0.65641,0.92374,0.02775,0
inner,104.5,10.5764,0.65879,0.92282,0.02462,0
inner,104.65,10.5856,0.66234,0.92167,0.02669,0
inner,104.7,10.5975,0.66358,0.92126,0.02608,0
inner,104.85,10.6059,0.66707,0.92007,0.02551,0
inner,104.9,10.6134,0.66832,0.91956,0.02708,0
inner,105.0,10.6269,0.67089,0.91853,0.0286,0
inner,105.15,10.6356,0.675,0.91713,0.0283,0
inner,105.2,10.6458,0.67635,0.91665,0.02878,0
inner,105.3,10.6534,0.6792,0.91567,0.02994,0
inner,105.35,10.6633,0.68045,0.91523,0.02656,0
inner,105.5,10.6725,0.68417,0.914,0.02504,0
inner,105.55,10.6806,0.6853,0.91364,0.0237,0
inner,105.65,10.6885,0.68742,0.91288,0.02252,0
inner,105.7,10.6973,0.68847,0.91251,0.02228,0
inner,105.8,10.7078,0.69056,0.91173,0.02237,0
inner,105.9,10.7213,0.69267,0.91092,0.02285,0
inner,106.05,10.7306,0.69587,0.90967,0.02299,0
inner,106.1,10.7387,0.69692,0.90926,0.02257,0
inner,106.15,10.7457,0.69804,0.90881,0.02409,0
inner,106.2,10.7535,0.69917,0.90835,0.02461,0
inner,106.3,10.7665,0.70105,0.90728,0.02005,0
inner,106.45,10.7746,0.70385,0.90585,0.02312,0
inner,106.5,10.7838,0.70479,0.90534,0.02149,0
inner,106.65,10.7975,0.70753,0.90382,0.02219,0
inner,106.75,10.8048,0.70957,0.90274,0.02302,0
inner,106.8,10.8127,0.71062,0.90216,0.02406,0
inner,106.9,10.8267,0.71279,0.90104,0.02479,0
inner,107.05,10.8345,0.7162,0.8993,0.02556,0
inner,107.1,10.8426,0.71738,0.89869,0.02646,0
inner,107.15,10.8555,0.71958,0.8976,0.02255,0
inner,107.25,10.8624,0.72055,0.89715,0.02131,0
inner,107.3,10.871,0.72149,0.89675,0.02047,0
inner,107.35,10.8784,0.72244,0.89632,0.02088,0
inner,107.4,10.8859,0.72339,0.8959,0.02068,0
inner,107.5,10.8995,0.72522,0.89507,0.01996,0
inner,107.65,10.9077,0.72795,0.89372,0.02073,0
inner,107.7,10.917,0.72885,0.8933,0.0198,0
inner,107.8,10.9266,0.73059,0.89239,0.01953,0
inner,107.85,10.9332,0.73145,0.89194,0.01945,0
inner,107.9,10.9398,0.7323,0.89149,0.01928,0
inner,108.0,10.9475,0.73401,0.89054,0.01939,0
inner,108.05,10.9555,0.7349,0.89004,0.02024,0
inner,108.1,10.9687,0.73669,0.88903,0.0204,0
inner,108.2,10.9825,0.73759,0.88851,0.02233,0
inner,108.3,10.9974,0.74052,0.88695,0.02222,0
inner,108.4,11.0048,0.74146,0.8867,0.01937,0
inner,108.45,11.0132,0.74227,0.8864,0.0173,0
inner,108.6,11.0217,0.74453,0.88482,0.02032,0
inner,108.65,11.03,0.7452,0.88422,0.01806,0
inner,108.75,11.0376,0.74647,0.88321,0.01681,0
inner,108.8,11.0474,0.74721,0.88261,0.01919,0
inner,108.95,11.056,0.74952,0.88084,0.01878,0
inner,109.0,11.0641,0.75026,0.88023,0.0191,0
inner,109.15,11.0726,0.75261,0.87845,0.01896,0
inner,109.2,11.0805,0.75337,0.8778,0.02003,0
inner,109.35,11.0896,0.75583,0.87589,0.02158,0
inner,109.4,11.0979,0.75667,0.87533,0.02016,0
inner,109.55,11.1067,0.75901,0.87369,0.01849,0
inner,109.6,11.1148,0.75975,0.87309,0.01909,0
inner,109.7,11.1224,0.76138,0.87185,0.02067,0
inner,109.75,11.1301,0.76215,0.87123,0.01979,0
inner,109.85,11.1375,0.76375,0.87001,0.02028,0
inner,109.95,11.15,0.76535,0.86875,0.02031,0
inner,110.05,11.1576,0.76698,0.86752,0.01999,0
inner,110.1,11.1663,0.76778,0.86688,0.02042,0
inner,110.25,11.1745,0.77025,0.86498,0.02037,0
inner,110.3,11.1826,0.77106,0.86431,0.02107,0
inner,110.4,11.1905,0.77274,0.86301,0.02138,0
inner,110.5,11.2011,0.77457,0.86161,0.02364,0
inner,110.6,11.2185,0.77646,0.86037,0.02113,0
inner,110.75,11.229,0.77946,0.85862,0.02469,0
inner,110.8,11.2363,0.78013,0.85775,0.02207,0
inner,110.9,11.2456,0.78132,0.85634,0.01831,0
inner,110.95,11.2533,0.782,0.85568,0.01895,0
inner,111.05,11.2623,0.78346,0.85431,0.02012,0
inner,111.1,11.27,0.78415,0.85364,0.01925,0
inner,111.2,11.2789,0.78562,0.85227,0.02013,0
inner,111.25,11.2864,0.78636,0.85153,0.02107,0
inner,111.35,11.2955,0.78794,0.85006,0.02181,0
inner,111.45,11.3072,0.78963,0.84848,0.02379,0
inner,111.55,11.3154,0.79131,0.84694,0.02251,0
inner,111.6,11.3233,0.79205,0.84619,0.021,0
inner,111.7,11.3311,0.79344,0.84496,0.0183,0
inner,111.75,11.3396,0.7941,0.84436,0.01769,0
inner,111.85,11.3479,0.7954,0.8431,0.01845,0
inner,111.9,11.3564,0.79604,0.84248,0.01791,0
inner,112.0,11.3691,0.79728,0.84122,0.01789,0
inner,112.1,11.3826,0.79857,0.83988,0.01916,0
inner,112.2,11.3923,0.79991,0.83849,0.01953,0
inner,112.25,11.3995,0.80057,0.83778,0.01924,0
inner,112.3,11.4066,0.80124,0.83701,0.02038,0
inner,112.4,11.4146,0.8027,0.83552,0.02134,0
inner,112.45,11.4226,0.80345,0.83476,0.02134,0
inner,112.5,11.4364,0.80493,0.83323,0.02165,0
inner,112.65,11.4456,0.80647,0.8317,0.02127,0
inner,112.7,11.4532,0.80727,0.83103,0.02088,0
inner,112.8,11.4622,0.80882,0.82997,0.01905,0
inner,112.85,11.4698,0.80931,0.82925,0.01735,0
inner,112.95,11.4788,0.81016,0.82815,0.01399,0
inner,113.05,11.49,0.81125,0.82669,0.01935,0
inner,113.1,11.4966,0.81186,0.82594,0.01933,0
inner,113.15,11.5041,0.81241,0.82521,0.01827,0
inner,113.2,11.5123,0.81298,0.82448,0.01858,0
inner,113.25,11.5203,0.81357,0.82367,0.02007,0
inner,113.35,11.529,0.81485,0.82206,0.02041,0
inner,113.4,11.5372,0.81552,0.8212,0.02168,0
inner,113.45,11.5452,0.81621,0.82034,0.02198,0
inner,113.5,11.5527,0.81685,0.81957,0.02016,0
inner,113.6,11.5625,0.81803,0.81817,0.0178,0
inner,113.65,11.5705,0.81858,0.81749,0.01741,0
inner,113.75,11.5789,0.81969,0.81608,0.01795,0
inner,113.8,11.5876,0.82024,0.81535,0.01834,0
inner,113.9,11.5972,0.82134,0.81387,0.01842,0
inner,113.95,11.6047,0.82188,0.81312,0.01847,0
inner,114.0,11.6121,0.82244,0.81235,0.01897,0
inner,114.05,11.6192,0.82298,0.81158,0.01897,0
inner,114.2,11.6287,0.82471,0.80922,0.01863,0
inner,114.25,11.6371,0.82522,0.80847,0.01817,0
inner,114.35,11.6458,0.82638,0.80686,0.01987,0
inner,114.4,11.6533,0.82694,0.80602,0.02019,0
inner,114.45,11.6622,0.82753,0.80519,0.02036,0
inner,114.5,11.6692,0.82816,0.80432,0.02154,0
inner,114.6,11.6784,0.82945,0.80258,0.02104,0
inner,114.65,11.6861,0.83009,0.80169,0.02183,0
inner,114.75,11.6957,0.83143,0.79995,0.02144,0
inner,114.8,11.7036,0.832,0.79908,0.02075,0
inner,114.9,11.7125,0.83274,0.79758,0.01483,0
inner,114.95,11.7202,0.83304,0.79697,0.01365,0
inner,115.05,11.729,0.83354,0.79594,0.01266,0
inner,115.1,11.7374,0.83397,0.79519,0.01733,0
inner,115.2,11.7455,0.83493,0.79346,0.02021,0
inner,115.25,11.753,0.83549,0.79249,0.02243,0
inner,115.35,11.762,0.83667,0.79058,0.02186,0
inner,115.4,11.77,0.83725,0.78959,0.02287,0
inner,115.5,11.7788,0.83854,0.78755,0.02354,0
inner,115.55,11.7877,0.83918,0.78648,0.0249,0
inner,115.6,11.7953,0.83985,0.78535,0.02631,0
inner,115.65,11.8029,0.84045,0.78442,0.02212,0
inner,115.75,11.8121,0.84157,0.78273,0.0195,0
inner,115.8,11.8197,0.84206,0.78192,0.01893,0
inner,115.9,11.8287,0.8431,0.78029,0.01945,0
inner,115.95,11.8372,0.84363,0.77945,0.01988,0
inner,116.0,11.8451,0.84419,0.77859,0.0205,0
inner,116.05,11.8524,0.84475,0.77768,0.02138,0
inner,116.2,11.8662,0.84643,0.77498,0.02117,0
inner,116.3,11.8738,0.84755,0.77316,0.02132,0
inner,116.35,11.8823,0.8481,0.77223,0.0216,0
inner,116.4,11.8913,0.8487,0.77128,0.02249,0
inner,116.5,11.8986,0.84997,0.76927,0.02398,0
inner,116.55,11.9066,0.85061,0.76823,0.02456,0
inner,116.65,11.9142,0.8519,0.76619,0.02422,0
inner,116.7,11.923,0.85256,0.76513,0.02496,0
inner,116.75,11.9367,0.85323,0.76409,0.02415,0
inner,116.85,11.9466,0.85414,0.76199,0.02206,0
inner,116.95,11.954,0.85443,0.76022,0.0158,0
inner,117.0,11.9641,0.85486,0.75929,0.02058,0
inner,117.15,11.9728,0.85639,0.7562,0.022,0
inner,117.2,11.9809,0.85685,0.75522,0.02173,0
inner,117.3,11.9886,0.85778,0.75325,0.02171,0
inner,117.35,11.9963,0.85828,0.75222,0.02283,0
inner,117.45,12.0038,0.85934,0.75002,0.02476,0
inner,117.5,12.0128,0.85991,0.74886,0.02585,0
inner,117.6,12.0197,0.86116,0.74642,0.02677,0
inner,117.65,12.0272,0.86156,0.74541,0.02176,0
inner,117.8,12.0365,0.86293,0.74262,0.01866,0
inner,117.85,12.0455,0.86334,0.74179,0.01852,0
inner,117.9,12.0591,0.86413,0.74007,0.01947,0
inner,118.05,12.0721,0.86499,0.7382,0.02066,0
inner,118.1,12.082,0.86541,0.73729,0.02005,0
inner,118.2,12.0903,0.86629,0.73534,0.02207,0
inner,118.3,12.1039,0.86718,0.73337,0.02129,0
inner,118.4,12.1123,0.86812,0.73133,0.02253,0
inner,118.45,12.1197,0.86859,0.73026,0.02339,0
inner,118.55,12.1289,0.86959,0.72813,0.02366,0
inner,118.6,12.1366,0.87006,0.72701,0.02439,0
inner,118.7,12.1456,0.87106,0.72483,0.02367,0
inner,118.75,12.1539,0.87165,0.72382,0.02346,0
inner,118.85,12.1621,0.873,0.7219,0.02365,0
inner,118.9,12.1699,0.87348,0.72077,0.02456,0
inner,119.0,12.1786,0.87437,0.71853,0.02351,0
inner,119.05,12.1863,0.87476,0.71749,0.02218,0
inner,119.15,12.1956,0.87553,0.71537,0.02253,0
inner,119.2,12.204,0.87594,0.71423,0.02443,0
inner,119.3,12.212,0.87688,0.71177,0.02663,0
inner,119.35,12.22,0.87705,0.71083,0.01913,0
inner,119.45,12.2286,0.87769,0.70895,0.01983,0
inner,119.5,12.2372,0.87801,0.7081,0.01813,0
inner,119.6,12.2455,0.87868,0.70635,0.01934,0
inner,119.65,12.2537,0.87902,0.70546,0.01902,0
inner,119.75,12.2622,0.87967,0.70365,0.01913,0
inner,119.8,12.2689,0.87999,0.70271,0.01992,0
inner,119.9,12.2789,0.88063,0.7008,0.02017,0
inner,119.95,12.2865,0.88093,0.69985,0.02002,0
inner,120.05,12.3004,0.88156,0.69784,0.02128,0
inner,120.15,12.3077,0.88221,0.69573,0.02209,0
inner,120.2,12.3158,0.88254,0.69466,0.02242,0
inner,120.3,12.3237,0.88322,0.69247,0.02324,0
inner,120.35,12.3317,0.88356,0.69132,0.024,0
inner,120.45,12.3388,0.8843,0.68903,0.0239,0
inner,120.5,12.3475,0.88462,0.68783,0.02474,0
inner,120.65,12.3558,0.88569,0.68436,0.02462,0
inner,120.7,12.3634,0.88615,0.68326,0.02385,0
inner,120.8,12.3776,0.88706,0.68099,0.02583,0
inner,120.9,12.3895,0.8878,0.67837,0.02728,0
inner,121.0,12.3974,0.88854,0.67576,0.02671,0
inner,121.05,12.4045,0.88887,0.67442,0.02751,0
inner,121.1,12.4146,0.88919,0.67322,0.02489,0
inner,121.15,12.4208,0.88952,0.67204,0.02444,0
inner,121.2,12.4307,0.88978,0.67094,0.02259,0
inner,121.35,12.4469,0.89051,0.66794,0.02085,0
inner,121.45,12.4539,0.89102,0.66584,0.0216,0
inner,121.5,12.4643,0.89128,0.66473,0.02298,0
inner,121.6,12.4717,0.89185,0.66239,0.02386,0
inner,121.65,12.4806,0.8921,0.66125,0.02345,0
inner,121.75,12.488,0.8927,0.65879,0.02561,0
inner,121.8,12.4959,0.893,0.65751,0.02628,0
inner,121.9,12.5037,0.89362,0.65496,0.02653,0
inner,121.95,12.5132,0.89391,0.6536,0.02763,0
inner,122.1,12.5215,0.89488,0.64961,0.02736,0
inner,122.15,12.5307,0.8952,0.64828,0.02726,0
inner,122.3,12.5397,0.89624,0.64416,0.02842,0
inner,122.35,12.5478,0.89657,0.64274,0.02906,0
inner,122.45,12.5557,0.8973,0.63986,0.02931,0
inner,122.5,12.5632,0.89775,0.63843,0.03002,0
inner,122.55,12.579,0.89859,0.63535,0.03272,0
inner,122.65,12.5918,0.89938,0.63215,0.0328,0
inner,122.8,12.5996,0.9002,0.6289,0.0334,0
inner,122.85,12.6075,0.90059,0.62727,0.03362,0
inner,122.9,12.6191,0.90099,0.62574,0.03152,0
inner,123.0,12.6328,0.90174,0.62272,0.02899,0
inner,123.15,12.6416,0.90257,0.61865,0.02649,0
inner,123.2,12.6498,0.90285,0.61741,0.02544,0
inner,123.3,12.6576,0.90335,0.6149,0.02608,0
inner,123.35,12.6661,0.9036,0.61355,0.02735,0
inner,123.5,12.6747,0.90437,0.6095,0.0271,0
inner,123.55,12.6823,0.90462,0.60813,0.02793,0
inner,123.65,12.6905,0.90516,0.60522,0.02975,0
inner,123.7,12.6984,0.90542,0.60374,0.02988,0
inner,123.75,12.708,0.90569,0.60223,0.03067,0
inner,123.85,12.7163,0.90629,0.59918,0.0305,0
inner,123.95,12.727,0.90701,0.5962,0.03067,0
inner,124.1,12.7345,0.9081,0.59151,0.03223,0
inner,124.15,12.7423,0.90833,0.58997,0.03115,0
inner,124.25,12.7496,0.90877,0.58713,0.02832,0
inner,124.3,12.7573,0.90898,0.58567,0.02945,0
inner,124.35,12.7666,0.90913,0.58414,0.03069,0
inner,124.45,12.7799,0.90961,0.58102,0.03245,0
inner,124.55,12.7877,0.9102,0.57764,0.03503,0
inner,124.6,12.7962,0.91044,0.57599,0.03332,0
inner,124.7,12.8099,0.91098,0.5728,0.0316,0
inner,124.8,12.8176,0.91144,0.56983,0.02964,0
inner,124.85,12.8256,0.91166,0.56842,0.02852,0
inner,124.9,12.8362,0.91187,0.56693,0.03017,0
inner,125.0,12.8455,0.91232,0.56385,0.03094,0
inner,125.05,12.8534,0.91252,0.56233,0.03071,0
inner,125.15,12.8624,0.91296,0.55922,0.03141,0
inner,125.2,12.8701,0.91316,0.55769,0.0309,0
inner,125.3,12.8782,0.91362,0.55449,0.03267,0
inner,125.35,12.8863,0.91385,0.55283,0.03354,0
inner,125.45,12.8954,0.91434,0.54952,0.03308,0
inner,125.5,12.9026,0.91452,0.54789,0.03279,0
inner,125.6,12.916,0.91488,0.54484,0.03023,0
inner,125.7,12.9311,0.91523,0.54197,0.02904,0
inner,125.85,12.9468,0.91571,0.53736,0.03259,0
inner,126.0,12.964,0.91628,0.53213,0.03674,0
inner,126.1,12.9726,0.91673,0.52839,0.03706,0
inner,126.15,12.9817,0.91699,0.52652,0.03775,0
inner,126.25,12.999,0.91752,0.52281,0.0367,0
inner,126.35,13.0134,0.91798,0.51932,0.03469,0
inner,126.5,13.031,0.9186,0.51435,0.03296,0
inner,126.65,13.0396,0.91925,0.50934,0.03383,0
inner,126.7,13.0476,0.91944,0.50767,0.03354,0
inner,126.8,13.0558,0.91986,0.50423,0.03494,0
inner,126.85,13.0635,0.92005,0.5025,0.03477,0
inner,126.95,13.0803,0.92046,0.49904,0.03565,0
inner,127.1,13.0877,0.92104,0.49378,0.03498,0
inner,127.15,13.096,0.92133,0.49203,0.03551,0
inner,127.2,13.1119,0.9218,0.48851,0.03554,0
inner,127.35,13.1261,0.92214,0.48501,0.03538,0
inner,127.45,13.1328,0.92251,0.48132,0.0374,0
inner,127.5,13.1408,0.92268,0.47948,0.0369,0
inner,127.6,13.1479,0.92305,0.47579,0.03755,0
inner,127.65,13.1558,0.9232,0.47389,0.03809,0
inner,127.75,13.1643,0.92359,0.47007,0.03824,0
inner,127.8,13.173,0.92382,0.4682,0.03765,0
inner,127.9,13.1811,0.92425,0.46449,0.03681,0
inner,127.95,13.1891,0.92446,0.46275,0.03512,0
inner,128.05,13.1976,0.92479,0.45932,0.03401,0
inner,128.1,13.2053,0.92494,0.45765,0.03359,0
inner,128.15,13.2195,0.92508,0.45598,0.03407,0
inner,128.3,13.2288,0.9255,0.45075,0.03566,0
inner,128.35,13.2367,0.92563,0.44903,0.03455,0
inner,128.45,13.2454,0.92593,0.44551,0.03571,0
inner,128.5,13.2532,0.92604,0.44371,0.0361,0
inner,128.6,13.2677,0.92636,0.44018,0.03536,0
inner,128.7,13.275,0.92671,0.43668,0.03509,0
inner,128.75,13.2826,0.92688,0.43495,0.03468,0
inner,128.9,13.2917,0.92718,0.43005,0.03218,0
inner,128.95,13.2994,0.92726,0.42838,0.03355,0
inner,129.05,13.3066,0.92747,0.42476,0.03718,0
inner,129.1,13.3154,0.92758,0.42287,0.03795,0
inner,129.2,13.3297,0.92781,0.41911,0.03707,0
inner,129.3,13.3378,0.92798,0.4155,0.03571,0
inner,129.35,13.3459,0.92806,0.41377,0.03461,0
inner,129.4,13.3528,0.92815,0.41208,0.03377,0
inner,129.45,13.3627,0.92821,0.41039,0.0339,0
inner,129.55,13.3789,0.92838,0.40684,0.03529,0
inner,129.7,13.3865,0.92862,0.40151,0.03604,0
inner,129.75,13.3965,0.9287,0.39968,0.03664,0
inner,129.9,13.4055,0.92897,0.39422,0.03652,0
inner,129.95,13.4149,0.92905,0.39237,0.03692,0
inner,130.1,13.4238,0.92937,0.38679,0.03694,0
inner,130.15,13.4316,0.92951,0.38496,0.03684,0
inner,130.2,13.4378,0.92965,0.38311,0.03698,0
inner,130.25,13.4462,0.92974,0.38129,0.03649,0
inner,130.35,13.4537,0.92988,0.37777,0.03495,0
inner,130.4,13.4642,0.92995,0.37607,0.03401,0
inner,130.55,13.4731,0.93013,0.37097,0.03408,0
inner,130.6,13.4807,0.93015,0.36923,0.0349,0
inner,130.7,13.4887,0.93029,0.36564,0.03656,0
inner,130.75,13.4962,0.93031,0.36376,0.03763,0
inner,130.85,13.5036,0.93047,0.3599,0.03885,0
inner,130.9,13.5142,0.9306,0.35798,0.03847,0
inner,131.05,13.5217,0.93092,0.35232,0.03744,0
inner,131.1,13.5296,0.93103,0.35043,0.03786,0
inner,131.2,13.5376,0.93124,0.34661,0.03834,0
inner,131.25,13.5455,0.93135,0.34471,0.03788,0
inner,131.3,13.5551,0.93146,0.34281,0.03812,0
inner,131.35,13.5675,0.93157,0.34089,0.03887,0
inner,131.5,13.5787,0.93197,0.33506,0.03905,0
inner,131.55,13.5866,0.9321,0.33311,0.03923,0
inner,131.6,13.5976,0.9322,0.33117,0.03871,0
inner,131.7,13.605,0.93241,0.32738,0.03766,0
inner,131.75,13.613,0.93247,0.32552,0.0372,0
inner,131.85,13.6197,0.93261,0.32194,0.0355,0
inner,131.9,13.6298,0.9327,0.3202,0.03489,0
inner,132.0,13.6371,0.93282,0.31681,0.03421,0
inner,132.05,13.6476,0.93283,0.31507,0.03484,0
inner,132.2,13.6627,0.93305,0.30946,0.03836,0
inner,132.25,13.6689,0.93313,0.30752,0.03892,0
inner,132.3,13.6767,0.9332,0.3056,0.03838,0
inner,132.4,13.6841,0.9333,0.30184,0.03742,0
inner,132.45,13.6927,0.93336,0.3,0.03679,0
inner,132.55,13.7,0.93346,0.29635,0.03618,0
inner,132.6,13.7078,0.9335,0.29453,0.03658,0
inner,132.7,13.715,0.93362,0.29076,0.03777,0
inner,132.75,13.7227,0.93366,0.2889,0.03728,0
inner,132.85,13.731,0.93376,0.28511,0.03814,0
inner,132.9,13.7394,0.93376,0.28323,0.03767,0
inner,133.0,13.7474,0.93387,0.27948,0.03753,0
inner,133.05,13.7554,0.93394,0.27759,0.03783,0
inner,133.1,13.7654,0.93401,0.27571,0.03764,0
inner,133.25,13.7807,0.93417,0.27025,0.03554,0
inner,133.35,13.7881,0.93424,0.26673,0.03518,0
inner,133.4,13.7962,0.93428,0.26498,0.03493,0
inner,133.5,13.8098,0.93434,0.26148,0.03531,0
inner,133.6,13.8171,0.93443,0.25783,0.03698,0
inner,133.65,13.8257,0.93449,0.25593,0.03811,0
inner,133.75,13.8329,0.93465,0.25205,0.03909,0
inner,133.8,13.8403,0.93472,0.25009,0.03915,0
inner,133.9,13.8478,0.93491,0.2461,0.03993,0
inner,133.95,13.8562,0.93499,0.24413,0.03947,0
inner,134.05,13.87,0.93512,0.24027,0.03821,0
inner,134.2,13.8789,0.9353,0.23454,0.03816,0
inner,134.25,13.8861,0.93536,0.23265,0.0378,0
inner,134.3,13.8993,0.93542,0.23076,0.03767,0
inner,134.4,13.9096,0.93552,0.22697,0.03815,0
inner,134.55,13.9179,0.93574,0.22114,0.03885,0
inner,134.6,13.9257,0.9358,0.21916,0.0395,0
inner,134.7,13.9392,0.93599,0.21523,0.03947,0
inner,134.8,13.9472,0.93617,0.21135,0.03877,0
inner,134.85,13.9557,0.93619,0.20948,0.03744,0
inner,134.95,13.9642,0.93623,0.20582,0.03623,0
inner,135.0,13.9718,0.93624,0.20403,0.03576,0
inner,135.1,13.9809,0.93626,0.20057,0.03454,0
inner,135.15,13.9885,0.93628,0.19883,0.03489,0
inner,135.25,13.9978,0.93633,0.19521,0.03717,0
inner,135.3,14.0063,0.93637,0.19333,0.03758,0
inner,135.4,14.014,0.93646,0.18945,0.03894,0
inner,135.45,14.0216,0.93651,0.18751,0.03879,0
inner,135.55,14.0307,0.93655,0.18373,0.03757,0
inner,135.6,14.0384,0.93656,0.18186,0.03748,0
inner,135.65,14.0455,0.93659,0.17997,0.03766,0
inner,135.7,14.0545,0.9366,0.17808,0.03788,0
inner,135.8,14.0621,0.93664,0.17426,0.03841,0
inner,135.85,14.0701,0.93666,0.17233,0.03858,0
inner,135.95,14.0787,0.93672,0.16846,0.03868,0
inner,136.0,14.0868,0.93676,0.1665,0.03928,0
inner,136.05,14.0954,0.93681,0.16453,0.03937,0
inner,136.1,14.1032,0.93684,0.16254,0.0399,0
inner,136.2,14.1122,0.93695,0.15853,0.03984,0
inner,136.25,14.1195,0.93705,0.15658,0.03905,0
inner,136.35,14.129,0.93718,0.15268,0.03882,0
inner,136.4,14.1363,0.93728,0.15081,0.03755,0
inner,136.5,14.1456,0.93734,0.14721,0.03562,0
inner,136.55,14.1536,0.93736,0.14547,0.03497,0
inner,136.6,14.1622,0.93739,0.14375,0.03432,0
inner,136.65,14.1696,0.93735,0.14198,0.03543,0
inner,136.75,14.1841,0.93739,0.13836,0.03664,0
inner,136.85,14.1919,0.93746,0.13463,0.03786,0
inner,136.9,14.2004,0.93752,0.13269,0.03874,0
inner,137.05,14.2124,0.93768,0.1268,0.03936,0
inner,137.1,14.2197,0.93776,0.12484,0.03912,0
inner,137.2,14.2292,0.93785,0.12096,0.03868,0
inner,137.25,14.2367,0.9379,0.11906,0.03804,0
inner,137.35,14.2456,0.93797,0.11523,0.03843,0
inner,137.4,14.2537,0.93801,0.11332,0.03837,0
inner,137.5,14.2621,0.93807,0.10948,0.03852,0
inner,137.55,14.2693,0.9381,0.10755,0.03855,0
inner,137.65,14.2787,0.93817,0.10366,0.03912,0
inner,137.7,14.2869,0.9382,0.10167,0.03962,0
inner,137.75,14.2952,0.93825,0.09971,0.03934,0
inner,137.8,14.3032,0.93828,0.09775,0.03911,0
inner,137.9,14.3123,0.93829,0.09393,0.03793,0
inner,137.95,14.3198,0.93828,0.09209,0.03676,0
inner,138.05,14.3335,0.93824,0.08854,0.03505,0
inner,138.2,14.3419,0.9382,0.08337,0.03431,0
inner,138.25,14.3508,0.93817,0.08163,0.03482,0
inner,138.4,14.364,0.93817,0.07615,0.03755,0
inner,138.5,14.3717,0.93821,0.0723,0.03865,0
inner,138.55,14.3796,0.93823,0.07037,0.03869,0
inner,138.65,14.387,0.93823,0.06659,0.03744,0
inner,138.7,14.3975,0.93822,0.06472,0.03738,0
inner,138.85,14.4067,0.93823,0.05892,0.03874,0
inner,138.9,14.4145,0.93822,0.05699,0.03863,0
inner,139.0,14.4226,0.93824,0.05305,0.03949,0
inner,139.05,14.4307,0.93826,0.05109,0.03921,0
inner,139.15,14.4386,0.93832,0.04714,0.03968,0
inner,139.2,14.4473,0.93834,0.04514,0.03997,0
inner,139.3,14.462,0.93842,0.04113,0.03892,0
inner,139.45,14.4707,0.93858,0.03534,0.0382,0
inner,139.5,14.4797,0.93858,0.03346,0.0377,0
inner,139.6,14.4942,0.93858,0.02977,0.03666,0
inner,139.7,14.5081,0.93855,0.02436,0.03614,0
inner,139.85,14.5167,0.93858,0.02067,0.03771,0
inner,139.9,14.5246,0.9386,0.01875,0.03846,0
inner,140.05,14.5338,0.93868,0.01287,0.03936,0
inner,140.1,14.5424,0.93871,0.01093,0.03892,0
inner,140.25,14.5508,0.93875,0.00519,0.03811,0
inner,140.3,14.559,0.93875,0.0033,0.03782,0
inner,140.4,14.572,0.93876,-0.00061,0.03903,0
inner,140.45,14.5788,0.93878,-0.00255,0.03877,0
inner,140.5,14.5872,0.93879,-0.00453,0.03966,0
inner,140.55,14.5952,0.93881,-0.00654,0.04015,0
inner,140.6,14.6034,0.93884,-0.00856,0.04047,0
inner,140.7,14.6123,0.93892,-0.01256,0.03974,0
inner,140.75,14.6203,0.93897,-0.01455,0.03981,0
inner,140.9,14.6289,0.93912,-0.02045,0.03898,0
inner,140.95,14.6371,0.93914,-0.02239,0.03882,0
inner,141.05,14.6454,0.93918,-0.02616,0.03745,0
inner,141.1,14.653,0.93918,-0.02802,0.0371,0
inner,141.2,14.6622,0.93917,-0.03164,0.03617,0
inner,141.25,14.67,0.93916,-0.03346,0.03631,0
inner,141.35,14.6789,0.93919,-0.03722,0.0382,0
inner,141.4,14.6872,0.9392,-0.03913,0.03833,0
inner,141.5,14.6956,0.93926,-0.04305,0.03924,0
inner,141.55,14.7032,0.93927,-0.04502,0.03948,0
inner,141.65,14.712,0.93928,-0.04884,0.03809,0
inner,141.7,14.72,0.93928,-0.05072,0.03762,0
inner,141.8,14.7343,0.93927,-0.05458,0.03882,0
inner,141.9,14.7478,0.93926,-0.05848,0.0386,0
inner,142.0,14.763,0.93925,-0.06431,0.0392,0
inner,142.2,14.7716,0.93929,-0.07027,0.0398,0
inner,142.25,14.7803,0.9393,-0.07226,0.03987,0
inner,142.4,14.7896,0.93937,-0.07824,0.0395,0
inner,142.45,14.7975,0.93938,-0.08017,0.03852,0
inner,142.55,14.8057,0.93938,-0.08396,0.03787,0
inner,142.6,14.8138,0.93937,-0.08581,0.03686,0
inner,142.75,14.8327,0.93933,-0.09131,0.03706,0
inner,142.85,14.8404,0.93933,-0.09513,0.03827,0
inner,142.9,14.8488,0.93933,-0.09709,0.03911,0
inner,143.0,14.8568,0.93936,-0.10104,0.03945,0
inner,143.05,14.8648,0.93937,-0.10301,0.03926,0
inner,143.1,14.879,0.93937,-0.10493,0.03874,0
inner,143.25,14.8866,0.93935,-0.11077,0.03924,0
inner,143.3,14.8966,0.93935,-0.11271,0.03878,0
inner,143.4,14.9093,0.93933,-0.11661,0.03922,0
inner,143.55,14.9177,0.93934,-0.12251,0.03971,0
inner,143.6,14.9261,0.93929,-0.12451,0.03997,0
inner,143.7,14.9382,0.93936,-0.12849,0.03969,0
inner,143.75,14.9456,0.93939,-0.13051,0.04048,0
inner,143.8,14.9531,0.93943,-0.13253,0.04036,0
inner,143.9,14.962,0.93953,-0.13653,0.0397,0
inner,143.95,14.9712,0.93962,-0.13847,0.03884,0
inner,144.05,14.979,0.93973,-0.14235,0.03853,0
inner,144.1,14.9866,0.93973,-0.14426,0.03814,0
inner,144.2,14.9993,0.93974,-0.14801,0.03765,0
inner,144.3,15.0067,0.93976,-0.15189,0.0387,0
inner,144.35,15.0154,0.93978,-0.15387,0.03975,0
inner,144.5,15.0238,0.93984,-0.15977,0.03901,0
inner,144.55,15.0314,0.93986,-0.16173,0.03924,0
inner,144.65,15.0396,0.93993,-0.16567,0.03929,0
inner,144.7,15.0478,0.93996,-0.16763,0.03926,0
inner,144.75,15.0635,0.94001,-0.17154,0.03895,0
inner,144.95,15.0718,0.94005,-0.17736,0.03885,0
inner,145.0,15.0797,0.94006,-0.1793,0.03885,0
inner,145.1,15.0878,0.94008,-0.18317,0.03897,0
inner,145.15,15.097,0.94008,-0.18511,0.03865,0
inner,145.25,15.1153,0.9401,-0.18904,0.03954,0
inner,145.4,15.1237,0.94015,-0.195,0.0397,0
inner,145.45,15.1318,0.94016,-0.19701,0.04013,0
inner,145.55,15.1455,0.94022,-0.20099,0.03899,0
inner,145.7,15.1538,0.94034,-0.20682,0.03859,0
inner,145.75,15.1641,0.94032,-0.20871,0.03791,0
inner,145.85,15.1765,0.94031,-0.21258,0.03892,0
inner,146.0,15.1858,0.94035,-0.21845,0.03874,0
inner,146.05,15.1971,0.94037,-0.22041,0.03916,0
inner,146.2,15.2058,0.94043,-0.22627,0.03938,0
inner,146.25,15.214,0.94046,-0.22823,0.03913,0
inner,146.35,15.2242,0.94049,-0.23211,0.03857,0
inner,146.45,15.2335,0.94049,-0.23591,0.03801,0
inner,146.5,15.2419,0.94049,-0.23783,0.03841,0
inner,146.6,15.2561,0.94049,-0.24171,0.0387,0
inner,146.65,15.2637,0.94049,-0.24366,0.03901,0
inner,146.75,15.2752,0.94049,-0.24757,0.03903,0
inner,146.9,15.2837,0.9405,-0.25346,0.03907,0
inner,146.95,15.2918,0.9405,-0.25541,0.03895,0
inner,147.05,15.2991,0.94044,-0.25922,0.03788,0
inner,147.1,15.3068,0.9404,-0.26107,0.03697,0
inner,147.2,15.3195,0.94031,-0.26464,0.03521,0
inner,147.3,15.329,0.94022,-0.26809,0.03382,0
inner,147.35,15.3365,0.94018,-0.26983,0.03483,0
inner,147.4,15.3461,0.94015,-0.27157,0.03491,0
inner,147.5,15.3544,0.94005,-0.27519,0.03631,0
inner,147.55,15.3636,0.94003,-0.27704,0.03688,0
inner,147.65,15.3804,0.93999,-0.28065,0.03617,0
inner,147.75,15.3887,0.93992,-0.28423,0.03617,0
inner,147.8,15.3971,0.93988,-0.28607,0.0367,0
inner,147.95,15.4057,0.93979,-0.29182,0.03893,0
inner,148.0,15.415,0.93973,-0.29378,0.03918,0
inner,148.05,15.4287,0.93968,-0.29573,0.03907,0
inner,148.2,15.4366,0.93964,-0.30161,0.0392,0
inner,148.25,15.45,0.93963,-0.30359,0.03979,0
inner,148.35,15.4575,0.93963,-0.30755,0.03935,0
inner,148.4,15.4652,0.93964,-0.30953,0.03949,0
inner,148.5,15.4794,0.93975,-0.31545,0.03897,0
inner,148.65,15.4879,0.93979,-0.3193,0.03823,0
inner,148.75,15.4997,0.93983,-0.32304,0.03736,0
inner,148.85,15.5134,0.93984,-0.32672,0.03679,0
inner,149.0,15.5217,0.93991,-0.3324,0.03824,0
inner,149.05,15.53,0.93994,-0.33434,0.03884,0
inner,149.15,15.5377,0.94002,-0.33824,0.03919,0
inner,149.2,15.5474,0.94008,-0.34017,0.03864,0
inner,149.35,15.5557,0.94015,-0.34594,0.03835,0
inner,149.4,15.564,0.94017,-0.34781,0.03736,0
inner,149.55,15.573,0.94018,-0.35369,0.03956,0
inner,149.6,15.5811,0.9402,-0.35566,0.03948,0
inner,149.7,15.5937,0.9402,-0.35955,0.03881,0
inner,149.85,15.6019,0.94023,-0.36543,0.03974,0
inner,149.9,15.6102,0.94023,-0.36743,0.03996,0
inner,150.0,15.6237,0.94032,-0.37334,0.03881,0
inner,150.1,15.6336,0.9404,-0.37527,0.03871,0
inner,150.2,15.641,0.9404,-0.37912,0.03794,0
inner,150.25,15.649,0.94037,-0.38098,0.03717,0
inner,150.35,15.659,0.9403,-0.38458,0.03576,0
inner,150.45,15.6675,0.94024,-0.38817,0.03638,0
inner,150.5,15.6768,0.94023,-0.39003,0.03715,0
inner,150.6,15.6869,0.94023,-0.39385,0.03874,0
inner,150.7,15.6956,0.94026,-0.39775,0.03933,0
inner,150.75,15.7038,0.94028,-0.3997,0.03899,0
inner,150.8,15.7121,0.94027,-0.40165,0.03897,0
inner,150.85,15.7201,0.94025,-0.40358,0.03863,0
inner,150.95,15.7287,0.94024,-0.40746,0.03866,0
inner,151.0,15.7368,0.94023,-0.4094,0.03887,0
inner,151.1,15.7454,0.94021,-0.41331,0.03906,0
inner,151.15,15.753,0.9402,-0.41526,0.03899,0
inner,151.25,15.7674,0.94018,-0.4192,0.03964,0
inner,151.35,15.7749,0.9402,-0.42319,0.04004,0
inner,151.4,15.7823,0.9402,-0.4252,0.04025,0
inner,151.5,15.7898,0.94025,-0.42922,0.03981,0
inner,151.55,15.7976,0.94025,-0.43117,0.03897,0
inner,151.6,15.8075,0.94018,-0.43311,0.03891,0
inner,151.7,15.8149,0.94013,-0.43691,0.0376,0
inner,151.75,15.8226,0.94011,-0.43873,0.03633,0
inner,151.85,15.8308,0.94004,-0.44231,0.03535,0
inner,151.9,15.8385,0.94001,-0.4441,0.03588,0
inner,151.95,15.8552,0.93998,-0.44592,0.03769,0
inner,152.1,15.8625,0.94001,-0.45156,0.03809,0
inner,152.15,15.8704,0.94002,-0.45348,0.03845,0
inner,152.25,15.8835,0.94009,-0.45738,0.03893,0
inner,152.35,15.8914,0.94011,-0.46121,0.03814,0
inner,152.45,15.9031,0.94013,-0.46508,0.03915,0
inner,152.5,15.9121,0.94013,-0.46706,0.03964,0
inner,152.55,15.9201,0.94014,-0.46903,0.03945,0
inner,152.6,15.9291,0.94014,-0.47101,0.03958,0
inner,152.65,15.9369,0.94013,-0.47297,0.03906,0
inner,152.75,15.9457,0.94014,-0.4769,0.03955,0
inner,152.8,15.954,0.94014,-0.47888,0.03961,0
inner,152.9,15.962,0.94015,-0.48286,0.03942,0
inner,152.95,15.97,0.94017,-0.48486,0.03999,0
inner,153.05,15.9788,0.94023,-0.48885,0.03995,0
inner,153.1,15.9869,0.94023,-0.49081,0.03912,0
inner,153.2,15.9954,0.94022,-0.49468,0.03844,0
inner,153.25,16.0042,0.9402,-0.49657,0.03777,0
inner,153.35,16.0122,0.94015,-0.50023,0.03646,0
inner,153.4,16.0198,0.94012,-0.50203,0.03608,0
inner,153.5,16.0288,0.94006,-0.50556,0.03503,0
inner,153.55,16.0365,0.94003,-0.50734,0.03572,0
inner,153.6,16.0427,0.94002,-0.50914,0.03593,0
inner,153.65,16.0506,0.94003,-0.511,0.0371,0
inner,153.75,16.0578,0.94004,-0.51477,0.03803,0
inner,153.8,16.0658,0.94005,-0.51668,0.03829,0
inner,153.9,16.0737,0.94004,-0.5204,0.03682,0
inner,153.95,16.0823,0.94001,-0.52221,0.03621,1
inner,154.05,16.0897,0.93995,-0.52585,0.03675,1
inner,154.1,16.0978,0.93987,-0.52619,0.00698,1
inner,154.25,16.1067,0.93986,-0.5279,0.00805,1
inner,154.3,16.1166,0.93991,-0.52791,0.00096,1
inner,154.45,16.1304,0.93998,-0.52797,0.00016,1
inner,154.6,16.1474,0.93997,-0.528,0.00013,1
inner,154.75,16.158,0.93997,-0.52799,0.00027,1
inner,154.8,16.1659,0.93997,-0.52798,0.00011,1
inner,154.9,16.1754,0.93997,-0.52799,9e-05,1
inner,154.95,16.182,0.93997,-0.52799,4e-05,1
inner,155.05,16.1944,0.93997,-0.52798,0.00011,1
inner,155.15,16.2072,0.93997,-0.52798,0.00013,1
inner,155.25,16.2137,0.93997,-0.52798,0.00011,1
inner,155.3,16.2211,0.93997,-0.52798,7e-05,1
inner,155.35,16.2287,0.93997,-0.52799,7e-05,1
inner,155.4,16.2365,0.93997,-0.52799,6e-05,1
inner,155.5,16.2455,0.93997,-0.52798,0.00017,1
inner,155.55,16.2532,0.93997,-0.52799,4e-05,1
inner,155.65,16.2664,0.93997,-0.52799,4e-05,1
inner,155.8,16.2746,0.93997,-0.52799,0.0002,1
inner,155.85,16.2842,0.93997,-0.52798,0.00016,1
inner,155.95,16.2926,0.93998,-0.52799,3e-05,1
inner,156.0,16.2989,0.93997,-0.52799,0.00017,1
inner,156.1,16.3106,0.93997,-0.52799,0.00017,1
inner,156.25,16.3194,0.93997,-0.52799,0.00014,1
inner,156.3,16.3281,0.93997,-0.52799,9e-05,1
inner,156.4,16.338,0.93997,-0.52799,2e-05,1
inner,156.5,16.3456,0.93998,-0.52798,0.00019,1
inner,156.55,16.3545,0.93996,-0.52798,0.00021,1
inner,156.6,16.362,0.93997,-0.52799,0.00016,1
inner,156.65,16.3701,0.93997,-0.52799,0.00014,1
inner,156.75,16.3794,0.93996,-0.52799,2e-05,1
inner,156.9,16.3963,0.93997,-0.52799,0.00012,1
inner,157.0,16.4037,0.93997,-0.52799,5e-05,1
inner,157.05,16.4138,0.93996,-0.52799,0.00011,1
inner,157.15,16.4209,0.93996,-0.52799,9e-05,1
inner,157.2,16.4295,0.93997,-0.52799,0.00015,1
inner,157.3,16.4368,0.93997,-0.52799,0.0001,1
inner,157.35,16.4465,0.93996,-0.52799,0.00014,1
inner,157.45,16.4554,0.93997,-0.52799,7e-05,1
inner,157.5,16.4648,0.93997,-0.52799,5e-05,1
inner,157.65,16.4737,0.93997,-0.52799,5e-05,1
inner,157.7,16.4814,0.93997,-0.52799,6e-05,1
inner,157.8,16.4968,0.93997,-0.52799,9e-05,1
inner,157.95,16.5108,0.93997,-0.52799,6e-05,1
inner,158.05,16.5208,0.93997,-0.52799,3e-05,1
inner,158.15,16.5289,0.93997,-0.52799,0.00015,1
inner,158.2,16.5388,0.93997,-0.52799,1e-05,1
inner,158.25,16.5465,0.93997,-0.52799,8e-05,1
inner,158.3,16.5555,0.93997,-0.52799,6e-05,1
inner,158.35,16.5628,0.93997,-0.52799,0.00013,1
inner,158.4,16.5707,0.93996,-0.52799,8e-05,1
inner,158.5,16.5793,0.93997,-0.528,0.0001,1
inner,158.55,16.5884,0.93997,-0.52799,0.0001,1
inner,158.65,16.5993,0.93996,-0.52799,6e-05,1
inner,158.7,16.6078,0.93997,-0.52799,0.00013,1
inner,158.8,16.6158,0.93997,-0.52799,0.0001,1
inner,158.85,16.6236,0.93997,-0.52799,0.00011,1
inner,158.95,16.6315,0.93997,-0.52799,3e-05,1
inner,159.0,16.6395,0.93997,-0.52799,1e-05,0
inner,159.1,16.6474,0.93997,-0.52799,4e-05,0
inner,159.15,16.6557,0.93996,-0.52799,9e-05,0
inner,159.25,16.6642,0.93989,-0.53028,0.01839,0
inner,159.3,16.6719,0.93981,-0.53182,0.03089,0
inner,159.35,16.6788,0.93975,-0.53289,0.02146,0
inner,159.4,16.6867,0.93971,-0.53394,0.02088,0
inner,159.5,16.6953,0.93963,-0.53712,0.03545,0
inner,159.55,16.7038,0.9396,-0.53897,0.03712,0
inner,159.65,16.712,0.93954,-0.54272,0.03765,0
inner,159.7,16.72,0.9395,-0.54461,0.03776,0
inner,159.8,16.7338,0.93949,-0.54836,0.03747,0
inner,159.9,16.742,0.93949,-0.55219,0.03847,0
inner,159.95,16.7506,0.93937,-0.55412,0.03865,0
inner,160.1,16.7622,0.93908,-0.5597,0.03666,0
inner,160.15,16.7699,0.93893,-0.56148,0.0357,0
inner,160.25,16.7787,0.93867,-0.56489,0.03376,0
inner,160.3,16.787,0.93854,-0.56662,0.03462,0
inner,160.35,16.7953,0.93842,-0.56845,0.03677,0
inner,160.4,16.8036,0.93828,-0.57034,0.03783,0
inner,160.5,16.8121,0.93804,-0.57409,0.03733,0
inner,160.55,16.8199,0.9379,-0.57597,0.03777,0
inner,160.65,16.8289,0.93768,-0.57979,0.0382,0
inner,160.7,16.8366,0.9376,-0.5816,0.03618,0
inner,160.8,16.8453,0.93743,-0.58527,0.03663,0
inner,160.85,16.8537,0.93736,-0.58703,0.0353,0
inner,160.95,16.8623,0.9371,-0.59053,0.03483,0
inner,161.0,16.8711,0.93692,-0.5922,0.03374,0
inner,161.1,16.8786,0.93655,-0.59544,0.03214,0
inner,161.15,16.8866,0.93638,-0.59699,0.03124,0
inner,161.3,16.9025,0.93589,-0.60144,0.0292,0
inner,161.4,16.9158,0.93552,-0.60427,0.02868,0
inner,161.5,16.9235,0.93514,-0.60711,0.02868,0
inner,161.55,16.9319,0.93487,-0.60849,0.02807,0
inner,161.65,16.94,0.93436,-0.61101,0.02552,0
inner,161.7,16.9486,0.93416,-0.61227,0.02548,0
inner,161.8,16.9559,0.93366,-0.61471,0.02569,0
inner,161.85,16.9632,0.93336,-0.6161,0.02848,0
inner,161.95,16.9708,0.93276,-0.619,0.02947,0
inner,162.0,16.9793,0.93244,-0.62041,0.02883,0
inner,162.05,16.9933,0.93212,-0.62187,0.03156,0
inner,162.2,17.0007,0.93109,-0.62646,0.0313,0
inner,162.25,17.0092,0.93076,-0.62801,0.03174,0
inner,162.4,17.0187,0.9298,-0.63279,0.03253,0
inner,162.45,17.0267,0.92936,-0.63416,0.02884,0
inner,162.55,17.0347,0.92874,-0.63699,0.02814,0
inner,162.6,17.0434,0.92843,-0.6383,0.0269,0
inner,162.7,17.0553,0.92788,-0.64073,0.02451,0
inner,162.75,17.0685,0.92763,-0.64193,0.02566,0
inner,162.9,17.0788,0.92678,-0.6457,0.02555,0
inner,162.95,17.0875,0.92648,-0.64696,0.02591,0
inner,163.0,17.0953,0.92616,-0.6482,0.02568,0
inner,163.05,17.1029,0.92584,-0.64946,0.02605,0
inner,163.1,17.1145,0.9255,-0.65072,0.02616,0
inner,163.2,17.1226,0.92485,-0.65332,0.02707,0
inner,163.3,17.1341,0.92445,-0.65594,0.02579,0
inner,163.35,17.1482,0.9238,-0.65846,0.02592,0
inner,163.5,17.1556,0.92307,-0.66076,0.02412,0
inner,163.55,17.1641,0.9227,-0.66185,0.02308,0
inner,163.6,17.1789,0.92234,-0.66284,0.02285,0
inner,163.75,17.1866,0.92107,-0.66631,0.02589,0
inner,163.8,17.1963,0.92061,-0.66754,0.02644,0
inner,163.95,17.2047,0.91929,-0.67121,0.02536,0
inner,164.0,17.2133,0.91884,-0.67245,0.0263,0
inner,164.15,17.2227,0.91747,-0.67631,0.02762,0
inner,164.2,17.2324,0.91698,-0.67731,0.02231,0
inner,164.3,17.2426,0.91616,-0.67947,0.02224,0
inner,164.45,17.2514,0.91503,-0.68236,0.02069,0
inner,164.5,17.2586,0.91464,-0.68338,0.02169,0
inner,164.6,17.2732,0.9138,-0.68553,0.0236,0
inner,164.7,17.281,0.91296,-0.68768,0.02259,0
inner,164.75,17.2886,0.91254,-0.6887,0.0221,0
inner,164.8,17.2983,0.91211,-0.68981,0.02368,0
inner,164.9,17.3064,0.91119,-0.69213,0.02465,0
inner,164.95,17.3158,0.91073,-0.69332,0.0255,0
inner,165.1,17.3237,0.90939,-0.69681,0.02461,0
inner,165.15,17.3318,0.90894,-0.69794,0.02433,0
inner,165.25,17.3472,0.90824,-0.69999,0.0213,0
inner,165.4,17.3558,0.90677,-0.70357,0.02744,0
inner,165.45,17.3644,0.90612,-0.70475,0.02693,0
inner,165.6,17.3737,0.90451,-0.70788,0.02361,0
inner,165.65,17.3821,0.90396,-0.70894,0.02399,0
inner,165.8,17.3908,0.90238,-0.71205,0.02244,0
inner,165.85,17.3984,0.90185,-0.71307,0.023,0
inner,165.95,17.4056,0.90074,-0.71527,0.02513,0
inner,166.0,17.4135,0.90014,-0.71643,0.02626,0
inner,166.1,17.4215,0.89895,-0.71886,0.02641,0
inner,166.15,17.4296,0.89838,-0.71984,0.02263,0
inner,166.25,17.4366,0.89738,-0.72182,0.0212,0
inner,166.3,17.4446,0.89691,-0.72269,0.01982,0
inner,166.45,17.4527,0.89559,-0.72515,0.01931,0
inner,166.5,17.4625,0.89514,-0.726,0.0192,0
inner,166.6,17.4706,0.89422,-0.72769,0.01925,0
inner,166.65,17.4794,0.89374,-0.72855,0.01971,0
inner,166.75,17.4876,0.89277,-0.73028,0.01978,0
inner,166.8,17.4965,0.89227,-0.73116,0.02024,0
inner,166.95,17.5047,0.89076,-0.73384,0.01992,0
inner,167.0,17.514,0.89025,-0.73468,0.01966,0
inner,167.15,17.5217,0.88867,-0.73751,0.02132,0
inner,167.2,17.5296,0.88812,-0.73844,0.02149,0
inner,167.3,17.5427,0.88699,-0.74032,0.02225,0
inner,167.45,17.5517,0.8852,-0.74281,0.0215,0
inner,167.5,17.5612,0.88465,-0.74363,0.01965,0
inner,167.6,17.5706,0.8836,-0.74517,0.01953,0
inner,167.65,17.577,0.88296,-0.74604,0.02163,0
inner,167.75,17.589,0.88164,-0.74783,0.02285,0
inner,167.85,17.5975,0.88037,-0.74961,0.02174,0
inner,167.9,17.6057,0.87968,-0.75052,0.02298,0
inner,168.0,17.6144,0.87835,-0.75244,0.02307,0
inner,168.05,17.6225,0.87766,-0.75343,0.02418,0
inner,168.15,17.631,0.87626,-0.75551,0.02412,0
inner,168.2,17.6386,0.87563,-0.75642,0.02211,0
inner,168.25,17.6459,0.87505,-0.75728,0.02083,0
inner,168.3,17.6537,0.8745,-0.75811,0.01987,0
inner,168.35,17.662,0.87396,-0.75888,0.01872,0
inner,168.4,17.6692,0.87342,-0.75964,0.01869,0
inner,168.5,17.6794,0.87231,-0.76118,0.01895,0
inner,168.55,17.6868,0.87175,-0.76196,0.01916,0
inner,168.65,17.6955,0.87063,-0.7635,0.01892,0
inner,168.7,17.7043,0.87004,-0.76427,0.01929,0
inner,168.8,17.7121,0.86889,-0.7658,0.01897,0
inner,168.85,17.7197,0.86829,-0.76657,0.01965,0
inner,168.95,17.729,0.86705,-0.76825,0.02082,0
inner,169.0,17.7368,0.86645,-0.76903,0.01982,0
inner,169.1,17.7455,0.8652,-0.7707,0.02099,0
inner,169.15,17.7535,0.86455,-0.77155,0.02133,0
inner,169.25,17.7622,0.86327,-0.77326,0.02167,0
inner,169.3,17.7701,0.86257,-0.77417,0.02286,0
inner,169.4,17.7789,0.86122,-0.77599,0.02254,0
inner,169.45,17.787,0.86063,-0.77693,0.02221,0
inner,169.5,17.7954,0.86023,-0.7777,0.01739,0
inner,169.55,17.806,0.85972,-0.77823,0.01476,0
inner,169.6,17.8188,0.85925,-0.77864,0.01721,0
inner,169.75,17.8305,0.85739,-0.78066,0.01909,0
inner,169.8,17.8386,0.85676,-0.78136,0.01888,0
inner,169.85,17.8525,0.85614,-0.78202,0.01918,0
inner,170.0,17.8623,0.85408,-0.78418,0.0204,0
inner,170.05,17.8702,0.85336,-0.78491,0.02058,0
inner,170.15,17.8788,0.85195,-0.78642,0.02103,0
inner,170.2,17.8865,0.85117,-0.78719,0.02178,0
inner,170.3,17.8954,0.84966,-0.78878,0.02208,0
inner,170.35,17.9044,0.84901,-0.78953,0.01976,0
inner,170.45,17.9122,0.84781,-0.79088,0.01804,0
inner,170.5,17.92,0.8472,-0.79155,0.01804,0
inner,170.55,17.9292,0.84656,-0.79223,0.01866,0
inner,170.6,17.937,0.84592,-0.7929,0.01862,0
inner,170.7,17.9455,0.84462,-0.79425,0.01874,0
inner,170.75,17.9536,0.84395,-0.7949,0.01874,0
inner,170.85,17.9619,0.84262,-0.79621,0.01861,0
inner,170.9,17.9698,0.84195,-0.79687,0.01892,0
inner,171.0,17.9836,0.84059,-0.79818,0.01895,0
inner,171.1,17.9975,0.83909,-0.7996,0.02113,0
inner,171.25,18.0128,0.83688,-0.80175,0.02049,0
inner,171.35,18.0201,0.83539,-0.80318,0.02088,0
inner,171.4,18.0299,0.83461,-0.80394,0.02175,0
inner,171.55,18.0387,0.83235,-0.80616,0.02081,0
inner,171.6,18.048,0.83155,-0.80688,0.0215,0
inner,171.7,18.0549,0.83,-0.80836,0.0215,0
inner,171.75,18.0627,0.82933,-0.80924,0.02211,0
inner,171.85,18.07,0.82816,-0.81121,0.02389,0
inner,171.9,18.08,0.82731,-0.81206,0.02407,0
inner,172.0,18.0878,0.82573,-0.81347,0.02027,0
inner,172.05,18.0975,0.82504,-0.81404,0.01799,0
inner,172.2,18.1059,0.82292,-0.81574,0.01907,0
inner,172.25,18.1138,0.82213,-0.81637,0.02039,0
inner,172.35,18.1218,0.82057,-0.81767,0.01995,0
inner,172.4,18.1296,0.81989,-0.81828,0.01828,0
inner,172.5,18.1369,0.8185,-0.8195,0.01865,0
inner,172.55,18.1477,0.81785,-0.82015,0.01847,0
inner,172.7,18.1558,0.81573,-0.82192,0.01831,0
inner,172.75,18.1639,0.81508,-0.82247,0.01703,0
inner,172.8,18.1741,0.81441,-0.82297,0.01671,0
inner,172.9,18.1824,0.81304,-0.82399,0.01734,0
inner,173.0,18.2,0.81158,-0.82502,0.01741,0
inner,173.1,18.2075,0.81013,-0.82601,0.01767,0
inner,173.15,18.2158,0.80938,-0.82652,0.01829,0
inner,173.3,18.2246,0.8071,-0.82808,0.01761,0
inner,173.35,18.2328,0.80631,-0.82857,0.01861,0
inner,173.45,18.2411,0.80466,-0.82968,0.02012,0
inner,173.5,18.2492,0.80377,-0.83024,0.02103,0
inner,173.55,18.2558,0.80291,-0.8308,0.02053,0
inner,173.6,18.264,0.80198,-0.83136,0.02165,0
inner,173.75,18.2716,0.79938,-0.83314,0.02073,0
inner,173.8,18.28,0.79863,-0.83384,0.02052,0
inner,173.9,18.2878,0.79714,-0.83541,0.02231,0
inner,173.95,18.2971,0.79616,-0.83607,0.02363,0
inner,174.1,18.3062,0.79349,-0.83773,0.01933,0
inner,174.15,18.3141,0.79268,-0.8382,0.0188,0
inner,174.25,18.329,0.79011,-0.83976,0.02129,0
inner,174.35,18.3356,0.78914,-0.84035,0.02277,0
inner,174.4,18.346,0.7881,-0.84098,0.02426,0
inner,174.5,18.3593,0.78611,-0.84225,0.02149,0
inner,174.65,18.3686,0.78356,-0.84412,0.02016,0
inner,174.7,18.3775,0.78279,-0.84471,0.01951,0
inner,174.8,18.3849,0.78114,-0.84582,0.01978,0
inner,174.85,18.3925,0.78037,-0.84637,0.01889,0
inner,174.9,18.4016,0.77961,-0.84691,0.01868,0
inner,174.95,18.408,0.77883,-0.84743,0.01873,0
inner,175.0,18.4152,0.77804,-0.84794,0.01898,0
inner,175.1,18.4228,0.77644,-0.84893,0.019,0
inner,175.15,18.432,0.77564,-0.84941,0.01863,0
inner,175.2,18.4457,0.77398,-0.85036,0.01918,0
inner,175.4,18.4545,0.77144,-0.85176,0.01848,0
inner,175.45,18.463,0.77062,-0.85219,0.0185,0
inner,175.55,18.4777,0.76867,-0.85323,0.02253,0
inner,175.65,18.4854,0.76695,-0.85418,0.01958,0
inner,175.7,18.4967,0.76601,-0.85467,0.02121,0
inner,175.85,18.5047,0.76324,-0.85625,0.02102,0
inner,175.9,18.5134,0.76239,-0.85687,0.02106,0
inner,176.05,18.522,0.75986,-0.85883,0.02215,0
inner,176.1,18.5311,0.75883,-0.85932,0.0227,0
inner,176.25,18.5398,0.7558,-0.86075,0.02108,0
inner,176.3,18.5472,0.75485,-0.86119,0.02076,0
inner,176.4,18.5557,0.75297,-0.86204,0.02076,0
inner,176.45,18.5634,0.75194,-0.8625,0.0224,0
inner,176.55,18.5708,0.74975,-0.86352,0.02451,0
inner,176.6,18.5796,0.74874,-0.86383,0.02117,0
inner,176.7,18.5876,0.74703,-0.86458,0.01792,0
inner,176.75,18.5961,0.74625,-0.86492,0.01713,0
inner,176.8,18.6025,0.74547,-0.86526,0.01699,0
inner,176.85,18.6125,0.74464,-0.86561,0.01803,0
inner,176.95,18.6198,0.74294,-0.86631,0.01819,0
inner,177.0,18.6278,0.74207,-0.86667,0.01874,0
inner,177.15,18.6369,0.73949,-0.86772,0.01829,0
inner,177.2,18.6471,0.73862,-0.86806,0.01876,0
inner,177.3,18.6546,0.73676,-0.86881,0.02008,0
inner,177.35,18.6629,0.73579,-0.86918,0.0207,0
inner,177.45,18.6708,0.73381,-0.86998,0.02168,0
inner,177.5,18.6806,0.73275,-0.87041,0.02279,0
inner,177.65,18.6967,0.72956,-0.87171,0.02307,0
inner,177.75,18.7039,0.72741,-0.87257,0.02265,0
inner,177.8,18.7134,0.72641,-0.87311,0.02274,0
inner,177.9,18.7209,0.72442,-0.87433,0.0236,0
inner,177.95,18.7307,0.72321,-0.87479,0.02586,0
inner,178.05,18.7464,0.72076,-0.87571,0.02581,0
inner,178.2,18.7547,0.7174,-0.87692,0.02282,0
inner,178.25,18.7634,0.71624,-0.87731,0.02452,0
inner,178.4,18.7718,0.71255,-0.87865,0.02575,0
inner,178.45,18.7808,0.71156,-0.8788,0.01999,0
inner,178.6,18.7897,0.70878,-0.8797,0.01845,0
inner,178.65,18.7975,0.70788,-0.87998,0.01886,0
inner,178.75,18.8058,0.70597,-0.88058,0.02013,0
inner,178.8,18.8134,0.70499,-0.88087,0.02059,0
inner,178.9,18.8207,0.70295,-0.88151,0.02114,0
inner,178.95,18.8312,0.70192,-0.88183,0.02144,0
inner,179.05,18.8461,0.69975,-0.88251,0.02331,0
inner,179.15,18.8606,0.69629,-0.88357,0.02534,0
inner,179.35,18.869,0.69268,-0.88476,0.02468,0
inner,179.4,18.8775,0.69148,-0.88513,0.02511,0
inner,179.5,18.8905,0.68903,-0.88592,0.02507,0
inner,179.6,18.8978,0.68675,-0.88673,0.02336,0
inner,179.65,18.9054,0.68571,-0.88707,0.02182,0
inner,179.75,18.9143,0.68373,-0.8876,0.02093,0
inner,179.8,18.9224,0.68258,-0.88788,0.0236,0
inner,179.85,18.9354,0.68133,-0.8882,0.0283,0
inner,180.0,18.9455,0.67713,-0.88929,0.02902,0
inner,180.05,18.9535,0.6757,-0.88967,0.02962,0
inner,180.15,18.9622,0.67277,-0.89049,0.03003,0
inner,180.2,18.9702,0.67146,-0.89077,0.02693,0
inner,180.25,18.9788,0.67017,-0.89112,0.02673,0
inner,180.3,18.9862,0.66896,-0.89143,0.02501,0
inner,180.4,18.9957,0.66669,-0.892,0.02315,0
inner,180.45,19.0032,0.66552,-0.89229,0.02413,0
inner,180.55,19.0142,0.6631,-0.89288,0.02488,0
inner,180.6,19.0226,0.66189,-0.89317,0.02499,0
inner,180.65,19.0304,0.66059,-0.8935,0.0268,0
inner,180.7,19.0376,0.65922,-0.89384,0.02827,0
inner,180.75,19.0455,0.65786,-0.89418,0.02799,0
inner,180.8,19.0527,0.65646,-0.89453,0.0289,0
inner,180.9,19.0664,0.65362,-0.89526,0.02963,0
inner,181.0,19.0797,0.65069,-0.89604,0.03048,0
inner,181.1,19.0879,0.64775,-0.89685,0.0298,0
inner,181.15,19.0964,0.64628,-0.89725,0.03036,0
inner,181.25,19.1039,0.64334,-0.89808,0.03028,0
inner,181.35,19.1164,0.64048,-0.89868,0.0284,0
inner,181.45,19.1307,0.6378,-0.89932,0.02842,0
inner,181.55,19.1413,0.63477,-0.90003,0.03161,0
inner,181.6,19.1497,0.6332,-0.90039,0.03221,0
inner,181.7,19.1572,0.63006,-0.90112,0.03206,0
inner,181.75,19.1658,0.62846,-0.90147,0.03273,0
inner,181.9,19.1751,0.62354,-0.9026,0.034,0
inner,181.95,19.1827,0.622,-0.90282,0.03117,0
inner,182.05,19.1907,0.61893,-0.90355,0.03132,0
inner,182.1,19.1989,0.61745,-0.90389,0.03023,0
inner,182.2,19.2143,0.61467,-0.90445,0.02771,0
inner,182.35,19.223,0.61069,-0.90518,0.02711,0
inner,182.4,19.2307,0.60931,-0.90542,0.02802,0
inner,182.5,19.2468,0.60649,-0.90593,0.02917,0
inner,182.65,19.2612,0.60204,-0.90675,0.03112,0
inner,182.75,19.275,0.59901,-0.90734,0.03008,0
inner,182.9,19.2827,0.59478,-0.90798,0.02719,0
inner,182.95,19.2906,0.59349,-0.9082,0.02627,0
inner,183.1,19.2999,0.58948,-0.90879,0.02807,0
inner,183.15,19.3077,0.58799,-0.90895,0.03002,0
inner,183.25,19.3156,0.58476,-0.90941,0.03364,0
inner,183.3,19.3225,0.58303,-0.90965,0.03497,0
inner,183.35,19.3293,0.58126,-0.90991,0.03574,0
inner,183.4,19.3368,0.5795,-0.91022,0.03579,0
inner,183.45,19.3429,0.57767,-0.91053,0.03705,0
inner,183.5,19.3509,0.57597,-0.91082,0.03446,0
inner,183.65,19.3588,0.57115,-0.91159,0.03165,0
inner,183.7,19.3668,0.56963,-0.91183,0.0307,0
inner,183.8,19.374,0.56667,-0.91224,0.02987,0
inner,183.85,19.3818,0.56514,-0.91246,0.03087,0
inner,183.95,19.3886,0.56198,-0.91293,0.03186,0
inner,184.0,19.3971,0.56042,-0.91314,0.03141,0
inner,184.15,19.4057,0.5555,-0.91387,0.03354,0
inner,184.2,19.4139,0.55386,-0.91409,0.03325,0
inner,184.25,19.4285,0.55219,-0.91433,0.03464,0
inner,184.4,19.443,0.54701,-0.91508,0.03483,0
inner,184.55,19.4516,0.54206,-0.91572,0.0329,0
inner,184.6,19.4599,0.54046,-0.91594,0.03214,0
inner,184.7,19.4678,0.5374,-0.91629,0.03109,0
inner,184.75,19.4761,0.53582,-0.91649,0.03191,0
inner,184.9,19.4848,0.53046,-0.91717,0.03728,0
inner,184.95,19.4937,0.52858,-0.91739,0.03782,0
inner,185.1,19.5027,0.52295,-0.91813,0.03774,0
inner,185.15,19.5135,0.52115,-0.9183,0.03611,0
inner,185.25,19.5301,0.51593,-0.91892,0.03382,0
inner,185.4,19.5378,0.51267,-0.91927,0.03245,0
inner,185.45,19.5469,0.51103,-0.91945,0.03296,0
inner,185.55,19.5542,0.50766,-0.91984,0.03383,0
inner,185.6,19.5627,0.506,-0.92002,0.03346,0
inner,185.7,19.5699,0.50258,-0.9204,0.03484,0
inner,185.75,19.5799,0.50081,-0.92058,0.0356,0
inner,185.85,19.5871,0.49728,-0.92099,0.03509,0
inner,185.9,19.5985,0.49556,-0.92122,0.03461,0
inner,186.05,19.6124,0.49051,-0.92179,0.03351,0
inner,186.2,19.6218,0.48568,-0.9222,0.03224,0
inner,186.25,19.6299,0.48402,-0.92233,0.03338,0
inner,186.35,19.6371,0.48043,-0.92264,0.03657,0
inner,186.4,19.6474,0.47858,-0.9228,0.03723,0
inner,186.55,19.6637,0.47293,-0.92332,0.03807,0
inner,186.65,19.6716,0.46903,-0.92373,0.03925,0
inner,186.7,19.6799,0.46715,-0.92392,0.03784,0
inner,186.85,19.6889,0.46174,-0.92447,0.03539,0
inner,186.9,19.6978,0.46003,-0.92462,0.03424,0
inner,187.05,19.7133,0.45485,-0.92507,0.03501,0
inner,187.15,19.7208,0.45131,-0.92539,0.03556,0
inner,187.2,19.7302,0.44957,-0.92553,0.03495,0
inner,187.3,19.7442,0.44598,-0.92586,0.03652,0
inner,187.4,19.7581,0.44049,-0.92637,0.03634,0
inner,187.55,19.7667,0.437,-0.92665,0.0348,0
inner,187.6,19.7747,0.43528,-0.92673,0.03439,0
inner,187.7,19.7821,0.432,-0.92694,0.03272,0
inner,187.75,19.7907,0.43032,-0.92702,0.03355,0
inner,187.85,19.8029,0.42679,-0.92726,0.03572,0
inner,187.95,19.8123,0.42303,-0.92752,0.03774,0
inner,188.0,19.8198,0.42111,-0.92765,0.03856,0
inner,188.1,19.8291,0.41721,-0.92796,0.03897,0
inner,188.15,19.8368,0.41535,-0.92807,0.03736,0
inner,188.2,19.8454,0.41349,-0.92818,0.03726,0
inner,188.25,19.8528,0.41165,-0.92828,0.03671,0
inner,188.4,19.8624,0.40641,-0.92859,0.03428,0
inner,188.45,19.8705,0.40466,-0.92867,0.03499,0
inner,188.55,19.8789,0.40116,-0.92884,0.03503,0
inner,188.6,19.8871,0.3994,-0.92892,0.03529,0
inner,188.7,19.8953,0.3958,-0.92911,0.03652,0
inner,188.75,19.903,0.39394,-0.92922,0.03712,0
inner,188.85,19.9171,0.39017,-0.92946,0.03797,0
inner,188.95,19.9317,0.38633,-0.92972,0.03761,0
inner,189.1,19.94,0.38077,-0.93003,0.03673,0
inner,189.15,19.948,0.379,-0.93011,0.03553,0
inner,189.25,19.9623,0.37555,-0.93025,0.03488,0
inner,189.4,19.9782,0.37021,-0.93043,0.03632,0
inner,189.55,19.986,0.36448,-0.93076,0.03864,0
inner,189.6,19.9967,0.36253,-0.93082,0.03895,0
inner,189.75,20.0047,0.35672,-0.93116,0.03939,0
inner,189.8,20.0133,0.35478,-0.9313,0.03883,0
inner,189.95,20.0216,0.34917,-0.93163,0.03691,0
inner,190.0,20.0306,0.34734,-0.93174,0.03671,0
inner,190.15,20.0398,0.34175,-0.93203,0.03775,0
inner,190.2,20.0478,0.33988,-0.93213,0.03755,0
inner,190.3,20.0556,0.3361,-0.93233,0.03786,0
inner,190.35,20.0635,0.33421,-0.93242,0.03787,0
inner,190.4,20.073,0.33234,-0.93251,0.0375,0
inner,190.5,20.0808,0.3287,-0.93266,0.03588,0
inner,190.55,20.0886,0.32693,-0.93271,0.03555,0
inner,190.6,20.0957,0.32519,-0.93275,0.03463,0
inner,190.65,20.1034,0.32351,-0.9328,0.03369,0
inner,190.75,20.1124,0.32021,-0.93287,0.03323,0
inner,190.8,20.1203,0.31849,-0.93289,0.03432,0
inner,190.9,20.1288,0.31489,-0.93297,0.0367,0
inner,190.95,20.1363,0.31297,-0.93303,0.03836,0
inner,191.05,20.1455,0.30906,-0.93317,0.03902,0
inner,191.1,20.153,0.3071,-0.93324,0.03927,0
inner,191.2,20.1622,0.30306,-0.93345,0.04038,0
inner,191.25,20.1706,0.30109,-0.93355,0.03954,0
inner,191.35,20.1789,0.29723,-0.93371,0.03826,0
inner,191.4,20.1866,0.29535,-0.9338,0.03772,0
inner,191.5,20.1955,0.29161,-0.93394,0.03739,0
inner,191.55,20.2034,0.28974,-0.93401,0.03756,0
inner,191.65,20.2121,0.28593,-0.93415,0.03831,0
inner,191.7,20.2202,0.28406,-0.93421,0.03754,0
inner,191.75,20.2296,0.28216,-0.93428,0.03803,0
inner,191.8,20.2372,0.28022,-0.93436,0.03881,0
inner,191.9,20.246,0.27633,-0.93454,0.03874,0
inner,191.95,20.2536,0.27436,-0.93463,0.03948,0
inner,192.05,20.2623,0.27042,-0.93484,0.03911,0
inner,192.1,20.2707,0.26848,-0.9349,0.03892,0
inner,192.2,20.2788,0.26468,-0.93501,0.03786,0
inner,192.25,20.2869,0.26281,-0.93506,0.03733,0
inner,192.3,20.2954,0.26097,-0.9351,0.03674,0
inner,192.35,20.303,0.25913,-0.93513,0.03692,0
inner,192.45,20.3123,0.25538,-0.93523,0.03802,0
inner,192.5,20.3205,0.25345,-0.93528,0.03862,0
inner,192.6,20.3286,0.24953,-0.9354,0.03907,0
inner,192.65,20.3371,0.2476,-0.93549,0.03858,0
inner,192.7,20.3454,0.24569,-0.93554,0.03814,0
inner,192.75,20.3529,0.24381,-0.93559,0.03769,0
inner,192.85,20.3622,0.24014,-0.93564,0.03643,0
inner,192.9,20.3704,0.23831,-0.93567,0.03669,0
inner,193.0,20.379,0.23461,-0.93572,0.03723,0
inner,193.05,20.3881,0.23275,-0.93574,0.03734,0
inner,193.1,20.3954,0.23086,-0.93577,0.03775,0
inner,193.15,20.4028,0.22893,-0.93577,0.03863,0
inner,193.25,20.4121,0.22508,-0.93584,0.03824,0
inner,193.35,20.4239,0.22118,-0.93593,0.03902,0
inner,193.45,20.4317,0.21729,-0.93603,0.03884,0
inner,193.5,20.4396,0.2153,-0.93604,0.03966,0
inner,193.6,20.4523,0.21131,-0.93613,0.03934,0
inner,193.7,20.4644,0.20743,-0.93622,0.0382,0
inner,193.75,20.472,0.20556,-0.93624,0.03744,0
inner,193.85,20.4809,0.20193,-0.93629,0.03568,0
inner,193.9,20.4885,0.2001,-0.9363,0.03657,0
inner,193.95,20.5021,0.19826,-0.93634,0.03764,0
inner,194.1,20.5122,0.19256,-0.93644,0.03855,0
inner,194.15,20.5208,0.19063,-0.93652,0.03868,0
inner,194.25,20.5288,0.18685,-0.93663,0.03751,0
inner,194.3,20.5369,0.18496,-0.93666,0.03782,0
inner,194.35,20.5453,0.18306,-0.93668,0.03805,0
inner,194.4,20.553,0.18115,-0.93671,0.03814,0
inner,194.5,20.562,0.17729,-0.93678,0.03863,0
inner,194.55,20.5701,0.17536,-0.9368,0.03852,0
inner,194.65,20.5785,0.1715,-0.93686,0.03874,0
inner,194.7,20.5863,0.16953,-0.93688,0.03927,0
inner,194.8,20.5999,0.16558,-0.93695,0.03975,0
inner,194.9,20.6072,0.16158,-0.93705,0.03969,0
inner,194.95,20.616,0.15959,-0.93713,0.03982,0
inner,195.0,20.6257,0.15759,-0.93719,0.04006,0
inner,195.1,20.6334,0.15371,-0.93727,0.03858,0
inner,195.15,20.6417,0.15183,-0.93723,0.03767,0
inner,195.2,20.6481,0.14996,-0.93724,0.03732,0
inner,195.25,20.6562,0.14813,-0.93728,0.03657,0
inner,195.35,20.6642,0.14456,-0.9373,0.03539,0
inner,195.4,20.6717,0.14274,-0.93727,0.03636,0
inner,195.45,20.6856,0.13904,-0.93718,0.03741,0
inner,195.6,20.6955,0.1352,-0.93723,0.03876,0
inner,195.65,20.7038,0.13324,-0.93726,0.03932,0
inner,195.75,20.712,0.12927,-0.93736,0.03946,0
inner,195.8,20.72,0.12729,-0.93743,0.03977,0
inner,195.9,20.7343,0.12342,-0.93755,0.03844,0
inner,196.0,20.742,0.11954,-0.93765,0.0388,0
inner,196.05,20.7507,0.1176,-0.93769,0.03879,0
inner,196.15,20.7579,0.1137,-0.93778,0.03893,0
inner,196.2,20.7659,0.11175,-0.93782,0.03905,0
inner,196.3,20.7728,0.10784,-0.93789,0.03921,0
inner,196.35,20.781,0.10589,-0.93794,0.03891,0
inner,196.45,20.7887,0.10202,-0.93803,0.03892,0
inner,196.5,20.7977,0.10003,-0.93804,0.03978,0
inner,196.6,20.8049,0.0961,-0.93815,0.03919,0
inner,196.65,20.8132,0.09415,-0.93827,0.03897,0
inner,196.75,20.8296,0.08837,-0.93844,0.03772,0
inner,196.95,20.8466,0.08275,-0.93847,0.03786,0
inner,197.05,20.8633,0.07889,-0.93851,0.03908,0
inner,197.15,20.8709,0.07502,-0.93857,0.03885,0
inner,197.2,20.8798,0.07307,-0.93856,0.03888,0
inner,197.35,20.8878,0.06743,-0.93853,0.03711,0
inner,197.4,20.897,0.06559,-0.93853,0.03689,0
inner,197.5,20.9042,0.06184,-0.93851,0.03756,0
inner,197.55,20.9128,0.05997,-0.93849,0.03733,0
inner,197.65,20.9216,0.05615,-0.93847,0.03847,0
inner,197.7,20.9299,0.0542,-0.93846,0.03893,0
inner,197.85,20.9387,0.04836,-0.93846,0.03896,0
inner,197.9,20.9481,0.04642,-0.93846,0.03878,0
inner,198.05,20.963,0.04053,-0.93851,0.03905,0
inner,198.15,20.9709,0.03667,-0.9385,0.03813,0
inner,198.2,20.98,0.03484,-0.93849,0.03662,0
inner,198.3,20.9943,0.03123,-0.93846,0.0357,0
inner,198.45,21.0028,0.02595,-0.93841,0.03507,0
inner,198.5,21.0137,0.02416,-0.93839,0.03586,0
inner,198.65,21.0217,0.01855,-0.9384,0.03851,0
inner,198.7,21.0303,0.01661,-0.9384,0.03883,0
inner,198.8,21.0379,0.01267,-0.93845,0.03943,0
inner,198.85,21.0464,0.0107,-0.93848,0.03952,0
inner,198.95,21.0605,0.00681,-0.93854,0.03867,0
inner,199.05,21.0723,0.00291,-0.93861,0.03927,0
inner,199.1,21.0868,0.00094,-0.93864,0.03978,0
inner,199.2,21.095,-0.00302,-0.93868,0.03936,0
inner,199.25,21.1027,-0.00501,-0.93872,0.04,0
inner,199.35,21.112,-0.00895,-0.9388,0.03931,0
inner,199.4,21.1196,-0.01095,-0.93885,0.03999,0
inner,199.5,21.1326,-0.01492,-0.93896,0.04003,0
inner,199.65,21.1472,-0.0208,-0.93915,0.03873,0
inner,199.75,21.1549,-0.02456,-0.93923,0.03756,0
inner,199.8,21.1631,-0.0264,-0.93925,0.0367,0
inner,199.85,21.1786,-0.02821,-0.93925,0.03737,0
inner,200.0,21.1867,-0.03395,-0.93928,0.03893,0
inner,200.05,21.1966,-0.03591,-0.93928,0.03907,0
inner,200.2,21.2047,-0.04179,-0.93934,0.03925,0
inner,200.25,21.2139,-0.04376,-0.93935,0.03941,0
inner,200.4,21.2228,-0.0497,-0.93946,0.0394,0
inner,200.45,21.2318,-0.05164,-0.9395,0.03889,0
inner,200.55,21.2395,-0.05552,-0.93956,0.03866,0
inner,200.6,21.2473,-0.05743,-0.93958,0.03832,0
inner,200.75,21.2557,-0.06323,-0.93964,0.03913,0
inner,200.8,21.2633,-0.06518,-0.93965,0.03898,0
inner,200.95,21.2717,-0.07102,-0.93969,0.03884,0
inner,201.0,21.2805,-0.07296,-0.9397,0.0387,0
inner,201.15,21.2888,-0.07884,-0.93975,0.03927,0
inner,201.2,21.2969,-0.08078,-0.93974,0.03884,0
inner,201.25,21.3037,-0.0827,-0.93973,0.03835,0
inner,201.3,21.3133,-0.08459,-0.93967,0.03798,0
inner,201.45,21.322,-0.09008,-0.93958,0.03565,0
inner,201.5,21.331,-0.09183,-0.93954,0.03503,0
inner,201.65,21.3399,-0.09697,-0.93941,0.0342,0
inner,201.7,21.3478,-0.09872,-0.9394,0.03507,0
inner,201.8,21.3559,-0.10232,-0.93938,0.0367,0
inner,201.85,21.3635,-0.10415,-0.93938,0.03664,0
inner,201.9,21.3699,-0.10597,-0.93935,0.03632,0
inner,201.95,21.378,-0.10782,-0.93933,0.03705,0
inner,202.1,21.3866,-0.11355,-0.93926,0.03924,0
inner,202.15,21.3967,-0.11551,-0.93921,0.03928,0
inner,202.2,21.4028,-0.11745,-0.93918,0.03864,0
inner,202.25,21.4124,-0.11941,-0.93917,0.03917,0
inner,202.3,21.4187,-0.12138,-0.93917,0.03954,0
inner,202.35,21.4274,-0.12338,-0.93919,0.03999,0
inner,202.45,21.4339,-0.1274,-0.93924,0.03998,0
inner,202.5,21.4417,-0.1294,-0.93928,0.04002,0
inner,202.6,21.4497,-0.13338,-0.93938,0.03945,0
inner,202.65,21.4577,-0.13532,-0.9394,0.03882,0
inner,202.7,21.4707,-0.13723,-0.93942,0.03778,0
inner,202.8,21.4786,-0.14098,-0.93944,0.03711,0
inner,202.85,21.4863,-0.14283,-0.93941,0.03707,0
inner,202.9,21.4967,-0.1447,-0.93941,0.03734,0
inner,203.05,21.5048,-0.15049,-0.93941,0.03888,0
inner,203.1,21.5141,-0.15248,-0.93942,0.03979,0
inner,203.25,21.5302,-0.15842,-0.93945,0.03924,0
inner,203.35,21.5437,-0.16236,-0.93952,0.03919,0
inner,203.5,21.5517,-0.16818,-0.93954,0.03845,0
inner,203.55,21.5609,-0.1701,-0.93956,0.03834,0
inner,203.7,21.5738,-0.17601,-0.93958,0.03958,0
inner,203.75,21.586,-0.17797,-0.93958,0.03891,0
inner,203.85,21.5956,-0.18187,-0.93961,0.03917,0
inner,203.9,21.6034,-0.18385,-0.93963,0.03966,0
inner,204.0,21.6122,-0.18783,-0.93968,0.03978,0
inner,204.05,21.6196,-0.18982,-0.93972,0.03987,0
inner,204.2,21.6339,-0.19574,-0.93981,0.0386,0
inner,204.3,21.642,-0.19956,-0.9398,0.03791,0
inner,204.35,21.6507,-0.20143,-0.9398,0.03735,0
inner,204.5,21.659,-0.20684,-0.93976,0.03584,0
inner,204.55,21.6668,-0.20859,-0.93972,0.03507,0
inner,204.7,21.6759,-0.2138,-0.93966,0.03488,0
inner,204.75,21.6835,-0.2156,-0.93964,0.036,0
inner,204.85,21.6909,-0.2193,-0.93963,0.03766,0
inner,204.9,21.6993,-0.22119,-0.93965,0.03779,0
inner,204.95,21.7081,-0.22308,-0.93964,0.03794,0
inner,205.1,21.717,-0.22892,-0.93959,0.03899,0
inner,205.15,21.7247,-0.23085,-0.93956,0.03857,0
inner,205.25,21.7317,-0.23473,-0.93954,0.0391,0
inner,205.3,21.7404,-0.23669,-0.93948,0.03911,0
inner,205.45,21.7499,-0.24259,-0.93944,0.03955,0
inner,205.5,21.7577,-0.24457,-0.93943,0.03964,0
inner,205.6,21.771,-0.24855,-0.93946,0.03968,0
inner,205.65,21.7786,-0.25059,-0.9395,0.04071,0
inner,205.7,21.7869,-0.25257,-0.93952,0.03973,0
inner,205.75,21.7954,-0.25456,-0.93953,0.03979,0
inner,205.8,21.8032,-0.25649,-0.93952,0.03857,0
inner,205.9,21.8122,-0.26026,-0.93949,0.03733,0
inner,205.95,21.8199,-0.26208,-0.93949,0.03636,0
inner,206.05,21.829,-0.26566,-0.93946,0.03582,0
inner,206.1,21.8379,-0.26749,-0.93942,0.03656,0
inner,206.15,21.8453,-0.26933,-0.93941,0.03679,0
inner,206.2,21.8531,-0.2712,-0.93938,0.03738,0
inner,206.35,21.8624,-0.27694,-0.93943,0.03879,0
inner,206.4,21.8709,-0.27888,-0.93947,0.0389,0
inner,206.5,21.879,-0.2828,-0.93957,0.03901,0
inner,206.55,21.887,-0.28477,-0.93963,0.03934,0
inner,206.65,21.8954,-0.28865,-0.93971,0.03851,0
inner,206.7,21.9028,-0.29054,-0.93975,0.03767,0
inner,206.8,21.9158,-0.29434,-0.93981,0.03813,0
inner,206.9,21.9312,-0.29821,-0.93988,0.03881,0
inner,207.05,21.9468,-0.30406,-0.93996,0.03897,0
inner,207.15,21.9531,-0.30794,-0.94002,0.03884,0
inner,207.2,21.9623,-0.3099,-0.94006,0.03917,0
inner,207.25,21.9689,-0.31186,-0.94009,0.03914,0
inner,207.3,21.9791,-0.31379,-0.94009,0.03872,0
inner,207.4,21.9937,-0.31761,-0.94005,0.03799,0
inner,207.5,22.001,-0.32124,-0.94001,0.03598,0
inner,207.55,22.0092,-0.32301,-0.93998,0.03544,0
inner,207.65,22.0233,-0.32651,-0.9399,0.03526,0
inner,207.75,22.0309,-0.33015,-0.93987,0.0371,0
inner,207.8,22.0387,-0.33206,-0.93987,0.03817,0
inner,207.9,22.0475,-0.33595,-0.93987,0.03901,0
inner,207.95,22.0548,-0.33793,-0.93989,0.03972,0
inner,208.0,22.0646,-0.33992,-0.93992,0.03972,0
inner,208.1,22.0726,-0.34382,-0.93995,0.03903,0
inner,208.15,22.0808,-0.34578,-0.93997,0.03923,0
inner,208.25,22.088,-0.34973,-0.93999,0.03955,0
inner,208.3,22.0959,-0.35167,-0.93999,0.03893,0
inner,208.4,22.1103,-0.35559,-0.94,0.03919,0
inner,208.55,22.1191,-0.36152,-0.94003,0.03961,0
inner,208.6,22.1301,-0.36347,-0.94003,0.03912,0
inner,208.7,22.1459,-0.36741,-0.94005,0.04009,0
inner,208.85,22.1539,-0.37338,-0.94014,0.0395,0
inner,208.9,22.1628,-0.37535,-0.94014,0.03946,0
inner,209.0,22.1756,-0.3792,-0.94011,0.038,0
inner,209.1,22.188,-0.38286,-0.94012,0.03601,0
inner,209.15,22.2023,-0.38464,-0.94011,0.03602,0
inner,209.3,22.2122,-0.39025,-0.94006,0.03877,0
inner,209.35,22.22,-0.39221,-0.94003,0.03907,0
inner,209.45,22.2288,-0.39616,-0.94002,0.03958,0
inner,209.5,22.2369,-0.39814,-0.94004,0.03968,0
inner,209.6,22.2454,-0.40214,-0.9401,0.03946,0
inner,209.65,22.254,-0.40412,-0.94013,0.03962,0
inner,209.75,22.262,-0.40808,-0.94018,0.03943,0
inner,209.8,22.2702,-0.41004,-0.9402,0.03924,0
inner,209.85,22.2825,-0.41197,-0.94021,0.03848,0
inner,209.95,22.2906,-0.41589,-0.94024,0.03903,0
inner,210.0,22.2999,-0.41785,-0.94024,0.03931,0
inner,210.1,22.3072,-0.42179,-0.94026,0.03941,0
inner,210.15,22.3148,-0.42377,-0.94027,0.03973,0
inner,210.25,22.3217,-0.4277,-0.94031,0.03957,0
inner,210.3,22.3296,-0.42971,-0.94032,0.04014,0
inner,210.4,22.337,-0.4337,-0.94037,0.03978,0
inner,210.45,22.3461,-0.43565,-0.94047,0.0391,0
inner,210.5,22.3617,-0.43763,-0.94055,0.03933,0
inner,210.65,22.3696,-0.44345,-0.94059,0.03805,0
inner,210.7,22.3803,-0.4453,-0.94057,0.03705,0
inner,210.85,22.3878,-0.45105,-0.94053,0.03861,0
inner,210.9,22.3972,-0.45296,-0.94052,0.03831,0
inner,211.05,22.4058,-0.45878,-0.94051,0.03909,0
inner,211.1,22.414,-0.4607,-0.9405,0.03844,0
inner,211.2,22.4218,-0.46448,-0.94043,0.03757,0
inner,211.25,22.4296,-0.46637,-0.9404,0.03776,0
inner,211.4,22.4387,-0.47214,-0.94031,0.03825,0
inner,211.45,22.4476,-0.47404,-0.94027,0.03801,0
inner,211.55,22.4555,-0.4779,-0.94021,0.03884,0
inner,211.6,22.4636,-0.47987,-0.94019,0.03948,0
inner,211.7,22.4716,-0.48385,-0.94015,0.03973,0
inner,211.75,22.48,-0.48584,-0.9401,0.03973,0
inner,211.8,22.4867,-0.48787,-0.94008,0.04052,0
inner,211.9,22.4998,-0.49182,-0.94006,0.03959,0
inner,212.0,22.5087,-0.49562,-0.94003,0.03744,0
inner,212.05,22.5164,-0.49746,-0.94001,0.03693,0
inner,212.2,22.525,-0.50288,-0.93992,0.03583,0
inner,212.25,22.533,-0.50468,-0.9399,0.03595,0
inner,212.4,22.5417,-0.51035,-0.93985,0.03901,0
inner,212.45,22.5511,-0.51231,-0.93987,0.03903,0
inner,212.6,22.5626,-0.51824,-0.93991,0.0392,0
inner,212.65,22.5698,-0.52019,-0.93991,0.03912,0
inner,212.75,22.5793,-0.52404,-0.93987,0.03831,0
inner,212.8,22.5868,-0.52592,-0.93986,0.03761,0
inner,212.85,22.5958,-0.52779,-0.93984,0.03739,0
inner,212.9,22.6034,-0.52964,-0.93981,0.03715,0
inner,212.95,22.6122,-0.53149,-0.93978,0.03693,0
inner,213.0,22.6205,-0.53334,-0.93976,0.03691,0
inner,213.1,22.6282,-0.53704,-0.93969,0.03705,0
inner,213.15,22.6358,-0.5389,-0.93966,0.03713,0
inner,213.25,22.6494,-0.54263,-0.9396,0.03714,0
inner,213.3,22.6611,-0.54448,-0.93957,0.03701,0
inner,213.35,22.6689,-0.54633,-0.93955,0.03714,0
inner,213.5,22.681,-0.55193,-0.93948,0.03714,0
inner,213.55,22.6893,-0.55379,-0.9394,0.0373,0
inner,213.6,22.6972,-0.55562,-0.93933,0.03656,0
inner,213.65,22.7052,-0.55739,-0.93916,0.03559,0
inner,213.7,22.7157,-0.55908,-0.93904,0.03391,0
inner,213.8,22.7242,-0.56258,-0.93884,0.03556,0
inner,213.85,22.7319,-0.56442,-0.93873,0.03684,0
inner,213.95,22.7394,-0.56811,-0.93852,0.03685,0
inner,214.0,22.7484,-0.56992,-0.9384,0.03614,0
inner,214.1,22.7671,-0.57363,-0.93817,0.03751,0
inner,214.2,22.7813,-0.57727,-0.93795,0.03531,0
inner,214.35,22.8007,-0.58253,-0.93762,0.03431,0
inner,214.45,22.8089,-0.5858,-0.9373,0.03228,0
inner,214.5,22.8196,-0.58736,-0.93711,0.0313,0
inner,214.65,22.8294,-0.5917,-0.93661,0.02877,0
inner,214.7,22.8381,-0.59309,-0.93644,0.02811,0
inner,214.75,22.8461,-0.59447,-0.93626,0.02776,0
inner,214.8,22.8564,-0.5959,-0.93607,0.02897,0
inner,214.9,22.8701,-0.59886,-0.93569,0.02968,0
inner,215.05,22.8866,-0.60329,-0.93512,0.02952,0
inner,215.25,22.9026,-0.60925,-0.93415,0.02893,0
inner,215.3,22.909,-0.61063,-0.93391,0.0279,0
inner,215.35,22.9166,-0.61197,-0.93364,0.02741,0
inner,215.45,22.9241,-0.61452,-0.93313,0.02664,0
inner,215.5,22.9319,-0.61597,-0.93283,0.02951,0
inner,215.6,22.9465,-0.61909,-0.93223,0.03184,0
inner,215.7,22.954,-0.62216,-0.93163,0.03108,0
inner,215.75,22.963,-0.62365,-0.93133,0.03044,0
inner,215.85,22.9708,-0.62677,-0.93072,0.03223,0
inner,215.9,22.9795,-0.62837,-0.9304,0.03274,0
inner,215.95,22.9938,-0.63001,-0.9301,0.03144,0
inner,216.15,23.0031,-0.63606,-0.92895,0.02961,0
inner,216.25,23.0157,-0.63877,-0.92832,0.02732,0
inner,216.4,23.024,-0.64246,-0.92748,0.02526,0
inner,216.45,23.0319,-0.64365,-0.92722,0.02443,0
inner,216.55,23.0394,-0.64605,-0.92665,0.02482,0
inner,216.6,23.0475,-0.64729,-0.92633,0.02561,0
inner,216.7,23.0562,-0.64975,-0.92572,0.02513,0
inner,216.75,23.0639,-0.65097,-0.92539,0.02519,0
inner,216.85,23.0708,-0.65353,-0.92475,0.0266,0
inner,216.9,23.0811,-0.65478,-0.92452,0.02532,0
inner,217.05,23.0968,-0.65798,-0.9236,0.02101,0
inner,217.15,23.1096,-0.66009,-0.92287,0.02157,0
inner,217.25,23.1176,-0.66216,-0.92211,0.0225,0
inner,217.3,23.1262,-0.66332,-0.92167,0.02491,0
inner,217.4,23.1343,-0.66578,-0.92079,0.0263,0
inner,217.45,23.1434,-0.66705,-0.92031,0.02711,0
inner,217.55,23.1573,-0.66961,-0.91941,0.02779,0
inner,217.7,23.1653,-0.6736,-0.91801,0.02805,0
inner,217.75,23.1732,-0.67496,-0.91751,0.02897,0
inner,217.8,23.1802,-0.67637,-0.917,0.02998,0
inner,217.85,23.1903,-0.67766,-0.91658,0.027,0
inner,217.95,23.1977,-0.68016,-0.91579,0.02599,0
inner,218.0,23.2055,-0.68135,-0.9154,0.02508,0
inner,218.05,23.2194,-0.68246,-0.91501,0.02229,0
inner,218.15,23.2289,-0.68457,-0.91432,0.02214,0
inner,218.2,23.2369,-0.68564,-0.91397,0.02258,0
inner,218.3,23.2457,-0.68778,-0.91321,0.0228,0
inner,218.35,23.2536,-0.68885,-0.91284,0.02262,0
inner,218.45,23.2623,-0.69098,-0.91206,0.0227,0
inner,218.5,23.2703,-0.69203,-0.91165,0.0226,0
inner,218.6,23.2788,-0.69414,-0.91083,0.0223,0
inner,218.65,23.2879,-0.6952,-0.91042,0.02276,0
inner,218.7,23.2955,-0.69628,-0.90999,0.02331,0
inner,218.75,23.3027,-0.69736,-0.90956,0.02322,0
inner,218.8,23.3138,-0.69843,-0.90908,0.02345,0
inner,218.95,23.322,-0.70132,-0.90761,0.02271,0
inner,219.0,23.3317,-0.70233,-0.90713,0.02227,0
inner,219.15,23.3466,-0.70511,-0.90572,0.02083,0
inner,219.25,23.3539,-0.70687,-0.90473,0.02071,0
inner,219.3,23.3631,-0.70786,-0.90417,0.02286,0
inner,219.4,23.3808,-0.711,-0.90248,0.02413,0
inner,219.6,23.3889,-0.71428,-0.90077,0.02381,0
inner,219.65,23.3972,-0.71536,-0.90018,0.02453,0
inner,219.75,23.4048,-0.71763,-0.89897,0.02538,0
inner,219.8,23.4128,-0.71869,-0.89845,0.02349,0
inner,219.85,23.4218,-0.7197,-0.89797,0.02251,0
inner,219.95,23.4303,-0.72152,-0.89703,0.02031,0
inner,220.05,23.4464,-0.72327,-0.89609,0.02027,0
inner,220.2,23.4547,-0.72598,-0.89465,0.0201,0
inner,220.25,23.4633,-0.72688,-0.89416,0.02047,0
inner,220.4,23.4726,-0.72963,-0.89266,0.02064,0
inner,220.45,23.4825,-0.73053,-0.89214,0.02086,0
inner,220.55,23.4892,-0.73249,-0.89108,0.02218,0
inner,220.6,23.4965,-0.73343,-0.89055,0.02169,0
inner,220.65,23.5049,-0.73441,-0.88998,0.02253,0
inner,220.75,23.5123,-0.73646,-0.88888,0.02309,0
inner,220.8,23.5203,-0.73751,-0.8883,0.02402,0
inner,220.9,23.529,-0.73959,-0.88719,0.02353,0
inner,220.95,23.5367,-0.74068,-0.88675,0.02352,0
inner,221.0,23.5455,-0.74171,-0.88647,0.02146,0
inner,221.05,23.5532,-0.74269,-0.88614,0.02046,0
inner,221.15,23.5627,-0.74429,-0.88515,0.02047,0
inner,221.2,23.5713,-0.74502,-0.88454,0.01908,0
inner,221.3,23.579,-0.74633,-0.88346,0.01763,0
inner,221.35,23.5863,-0.7471,-0.88288,0.01928,0
inner,221.4,23.5957,-0.74791,-0.88228,0.02017,0
inner,221.45,23.603,-0.74878,-0.88162,0.02189,0
inner,221.55,23.6125,-0.75049,-0.88041,0.02087,0
inner,221.6,23.6206,-0.75137,-0.87976,0.0217,0
inner,221.7,23.6292,-0.75315,-0.87848,0.02167,0
inner,221.75,23.6375,-0.75406,-0.87782,0.02262,0
inner,221.8,23.646,-0.75504,-0.87712,0.02394,0
inner,221.85,23.6535,-0.75596,-0.87653,0.02194,0
inner,221.9,23.6622,-0.75688,-0.87596,0.02162,0
inner,221.95,23.6707,-0.75777,-0.8754,0.02104,0
inner,222.0,23.6789,-0.75862,-0.87484,0.02031,0
inner,222.05,23.6868,-0.75943,-0.87429,0.01967,0
inner,222.15,23.6957,-0.76102,-0.87321,0.01924,0
inner,222.2,23.7038,-0.76182,-0.87266,0.01946,0
inner,222.3,23.7124,-0.7634,-0.87156,0.01943,0
inner,222.35,23.7214,-0.76419,-0.871,0.01918,0
inner,222.45,23.7293,-0.76573,-0.86987,0.01942,0
inner,222.5,23.7377,-0.7665,-0.86927,0.01958,0
inner,222.6,23.7512,-0.76805,-0.86807,0.01966,0
inner,222.75,23.7657,-0.77034,-0.86626,0.01915,0
inner,222.9,23.7734,-0.77272,-0.86439,0.01959,0
inner,222.95,23.7807,-0.7735,-0.86374,0.02018,0
inner,223.05,23.7881,-0.77515,-0.86245,0.02157,0
inner,223.1,23.7962,-0.77602,-0.86188,0.02085,0
inner,223.15,23.803,-0.77675,-0.86146,0.01671,0
inner,223.2,23.8109,-0.77741,-0.86106,0.01549,0
inner,223.3,23.8179,-0.77853,-0.86004,0.01622,0
inner,223.35,23.8256,-0.77895,-0.85951,0.01345,0
inner,223.45,23.8389,-0.77988,-0.85842,0.01598,0
inner,223.55,23.8475,-0.78112,-0.85707,0.01896,0
inner,223.65,23.8588,-0.78257,-0.85557,0.0209,0
inner,223.7,23.8658,-0.78326,-0.85487,0.0196,0
inner,223.75,23.8734,-0.78396,-0.85414,0.02027,0
inner,223.8,23.8806,-0.78475,-0.85336,0.0221,0
inner,223.85,23.8885,-0.78556,-0.85254,0.02305,0
inner,223.95,23.8958,-0.78724,-0.8509,0.02228,0
inner,224.0,23.9042,-0.78801,-0.85006,0.02285,0
inner,224.1,23.9119,-0.78967,-0.84844,0.02291,0
inner,224.15,23.9207,-0.79048,-0.84771,0.02169,0
inner,224.2,23.9289,-0.7912,-0.84705,0.01953,0
inner,224.25,23.9364,-0.79187,-0.84641,0.01853,0
inner,224.35,23.9454,-0.79323,-0.84511,0.01908,0
inner,224.4,23.954,-0.79392,-0.84444,0.01919,0
inner,224.5,23.962,-0.79529,-0.84311,0.01908,0
inner,224.55,23.9696,-0.79598,-0.84243,0.01924,0
inner,224.6,23.9786,-0.79669,-0.84175,0.01978,0
inner,224.65,23.9859,-0.79739,-0.84105,0.0198,0
inner,224.7,23.9954,-0.79813,-0.84032,0.02066,0
inner,224.75,24.0025,-0.79886,-0.8396,0.02056,0
inner,224.85,24.0156,-0.8004,-0.8381,0.02139,0
inner,225.0,24.0241,-0.80261,-0.83595,0.01964,0
inner,225.05,24.0323,-0.80331,-0.83525,0.01974,0
inner,225.15,24.0401,-0.80485,-0.83373,0.02243,0
inner,225.2,24.0488,-0.80567,-0.83292,0.02309,0
inner,225.25,24.0577,-0.80651,-0.83211,0.02332,0
inner,225.35,24.0668,-0.80791,-0.83035,0.02194,0
inner,225.4,24.0746,-0.80821,-0.82956,0.01684,0
inner,225.5,24.0875,-0.80913,-0.82824,0.01736,0
inner,225.55,24.0951,-0.80969,-0.82754,0.01791,0
inner,225.6,24.1029,-0.8103,-0.82679,0.01929,0
inner,225.7,24.1122,-0.81153,-0.82528,0.01902,0
inner,225.75,24.12,-0.81213,-0.8245,0.01977,0
inner,225.85,24.129,-0.81347,-0.82287,0.02141,0
inner,225.9,24.1371,-0.81415,-0.82201,0.02192,0
inner,226.0,24.1453,-0.81557,-0.82028,0.02224,0
inner,226.05,24.1531,-0.8163,-0.81938,0.02314,0
inner,226.15,24.162,-0.81785,-0.81754,0.02354,0
inner,226.2,24.1705,-0.8185,-0.81672,0.0209,0
inner,226.3,24.1791,-0.81978,-0.81523,0.01927,0
inner,226.35,24.187,-0.82033,-0.81456,0.01736,0
inner,226.45,24.1956,-0.82143,-0.81317,0.01814,0
inner,226.5,24.2021,-0.822,-0.81244,0.01836,0
inner,226.6,24.215,-0.8231,-0.81098,0.01842,0
inner,226.75,24.2239,-0.82476,-0.80876,0.01831,0
inner,226.8,24.2321,-0.82532,-0.808,0.01902,0
inner,226.9,24.2393,-0.82647,-0.80645,0.01907,0
inner,226.95,24.2466,-0.82705,-0.80565,0.01968,0
inner,227.0,24.2552,-0.82766,-0.80481,0.02079,0
inner,227.1,24.264,-0.82896,-0.8031,0.02124,0
inner,227.15,24.2724,-0.82961,-0.80222,0.02187,0
inner,227.2,24.2863,-0.83095,-0.80045,0.02259,0
inner,227.3,24.2952,-0.83167,-0.79953,0.0234,0
inner,227.35,24.3028,-0.83233,-0.79861,0.02255,0
inner,227.4,24.3142,-0.83274,-0.79764,0.0212,0
inner,227.55,24.3223,-0.83359,-0.79546,0.01383,0
inner,227.6,24.3303,-0.83388,-0.79493,0.01201,0
inner,227.7,24.338,-0.83441,-0.79386,0.01297,0
inner,227.75,24.3459,-0.83475,-0.79308,0.01699,0
inner,227.8,24.3522,-0.83509,-0.79226,0.01784,0
inner,227.85,24.3603,-0.83546,-0.79142,0.0183,0
inner,227.95,24.3676,-0.83635,-0.78974,0.0195,0
inner,228.0,24.376,-0.83687,-0.78876,0.02217,0
inner,228.1,24.3877,-0.83793,-0.7866,0.02505,0
inner,228.15,24.3953,-0.83849,-0.78547,0.0253,0
inner,228.2,24.4034,-0.83906,-0.78459,0.02091,0
inner,228.25,24.4118,-0.83965,-0.78366,0.02205,0
inner,228.3,24.4194,-0.8402,-0.78279,0.02059,0
inner,228.4,24.429,-0.84128,-0.78113,0.02002,0
inner,228.45,24.4365,-0.84182,-0.78025,0.0206,0
inner,228.55,24.4454,-0.84298,-0.77845,0.0217,0
inner,228.6,24.454,-0.84355,-0.77754,0.02145,0
inner,228.7,24.4621,-0.84475,-0.77567,0.0224,0
inner,228.75,24.4703,-0.84533,-0.77475,0.02186,0
inner,228.85,24.4787,-0.84658,-0.77283,0.02329,0
inner,228.9,24.487,-0.84719,-0.77184,0.0231,0
inner,228.95,24.5,-0.84846,-0.76981,0.02479,0
inner,229.1,24.5081,-0.84979,-0.76775,0.0245,0
inner,229.15,24.5162,-0.85045,-0.76668,0.02515,0
inner,229.25,24.5296,-0.85183,-0.76457,0.0257,0
inner,229.4,24.539,-0.85393,-0.76139,0.02491,0
inner,229.45,24.5485,-0.85464,-0.76043,0.02399,0
inner,229.55,24.5552,-0.85616,-0.75873,0.02256,0
inner,229.6,24.5625,-0.85677,-0.75775,0.02307,0
inner,229.65,24.5711,-0.85733,-0.75676,0.02277,0
inner,229.7,24.5788,-0.85784,-0.75581,0.02158,0
inner,229.75,24.5863,-0.85832,-0.75486,0.02128,0
inner,229.8,24.5955,-0.8588,-0.75391,0.02132,0
inner,229.85,24.6026,-0.85932,-0.75286,0.02342,0
inner,229.95,24.6123,-0.86047,-0.75071,0.02406,0
inner,230.0,24.62,-0.86102,-0.7496,0.02478,0
inner,230.1,24.6288,-0.86222,-0.7473,0.02633,0
inner,230.15,24.6364,-0.86247,-0.74639,0.01891,0
inner,230.25,24.6456,-0.86329,-0.7446,0.01993,0
inner,230.3,24.6533,-0.8637,-0.74382,0.01764,0
inner,230.4,24.6623,-0.86436,-0.74229,0.01708,0
inner,230.45,24.6698,-0.86476,-0.74152,0.01734,0
inner,230.55,24.6788,-0.86555,-0.73986,0.01861,0
inner,230.6,24.687,-0.86597,-0.739,0.01899,0
inner,230.7,24.6954,-0.86673,-0.73731,0.01852,0
inner,230.75,24.7031,-0.86711,-0.73641,0.01948,0
inner,230.85,24.712,-0.86786,-0.73466,0.01904,0
inner,230.9,24.72,-0.86822,-0.73377,0.01903,0
inner,231.0,24.7288,-0.86902,-0.73189,0.02061,0
inner,231.05,24.7376,-0.86941,-0.7309,0.02113,0
inner,231.15,24.7467,-0.87024,-0.72894,0.02148,0
inner,231.2,24.7552,-0.87064,-0.72788,0.0226,0
inner,231.25,24.7624,-0.87107,-0.72683,0.02266,0
inner,231.3,24.769,-0.87147,-0.72573,0.0234,0
inner,231.4,24.7791,-0.87237,-0.72359,0.02258,0
inner,231.45,24.7867,-0.87291,-0.72261,0.02231,0
inner,231.5,24.7955,-0.87356,-0.72173,0.0219,0
inner,231.55,24.8026,-0.87412,-0.7207,0.02349,0
